用户名,图片ID,图片文件名,任务分配ID,任务分配时间,任务状态,任务完成时间,标注状态,标注数据,标注状态详情,备注,标注创建时间,标注更新时间
任雅丽,1063,K2024-1824_0db49e5ec6ef4f0a9608b4ce55846f85.jpg,1604,2025-10-25 09:52:35,ASSIGNED,,未标注,,,,,
任雅丽,1073,K2024-3446_a7603a6ba11b4c4caaa64244c621be83.jpg,1611,2025-10-25 09:52:35,ASSIGNED,,未标注,,,,,
任雅丽,1106,K2024-4492_e557cf5f307d4335a0b48b2ca5c949a1.jpg,1616,2025-10-25 09:52:35,ASSIGNED,,未标注,,,,,
任雅丽,1126,K2024-3932_6202409afb6b443ba3efc41ff3d0ac51.jpg,1035,2025-10-22 17:30:58,ASSIGNED,,未标注,,,,,
任雅丽,1136,K2024-1525_0da4b976383d405bac8993f3b4cc2f69.jpg,1623,2025-10-25 09:52:35,ASSIGNED,,未标注,,,,,
任雅丽,1156,K2024-3843_b00b37aff8aa4cdfbeddc3def09604f7.jpg,1629,2025-10-25 09:52:35,ASSIGNED,,未标注,,,,,
任雅丽,1159,K2024-4538_494a79af55c34ded806c94fa322e078b.jpg,1634,2025-10-25 09:52:35,ASSIGNED,,未标注,,,,,
任雅丽,1163,K2024-4538_d05961a2258341bd9a6fe5a59d638d26.jpg,1036,2025-10-22 17:30:58,ASSIGNED,,未标注,,,,,
任雅丽,1189,K2024-4606_fce09726a296446da2b8140cd8fc1a4a.jpg,1144,2025-10-22 17:30:58,ASSIGNED,,未标注,,,,,
任雅丽,1202,K2024-4674_b683f841dff44bbe9ed1c912042a7cd5.jpg,1646,2025-10-25 09:52:35,ASSIGNED,,未标注,,,,,
任雅丽,1209,K2024-3446_e58f65720e594c5996b6a3294e88be46.jpg,1081,2025-10-22 17:30:58,ASSIGNED,,未标注,,,,,
任雅丽,1210,K2024-3932_f1e6089062144dc89e1fb6d8559e8fee.jpg,1653,2025-10-25 09:52:35,ASSIGNED,,未标注,,,,,
任雅丽,1217,K2024-3932_b294b38c4f9444de806d5a8871c92561.jpg,1019,2025-10-22 17:30:58,ASSIGNED,,未标注,,,,,
任雅丽,1232,K2023-1409_b3a4e5c4ea70458bbb54bd4e9d312693.jpg,1047,2025-10-22 17:30:58,ASSIGNED,,未标注,,,,,
任雅丽,1244,K2024-3383_4a3e28f5d8814e74a646eef7c849a01a.jpg,1187,2025-10-22 17:30:58,ASSIGNED,,未标注,,,,,
任雅丽,1250,K2024-4466_e133b671aa5b4c49bab3ad1b67111150.jpg,1041,2025-10-22 17:30:58,ASSIGNED,,未标注,,,,,
任雅丽,1259,K2024-4606_8d0868c57c7c49cab5b2f919aef748c3.jpg,1060,2025-10-22 17:30:58,ASSIGNED,,未标注,,,,,
任雅丽,1299,K2024-3045_2d88841142e2422381a778ced7eccb2f.jpg,1046,2025-10-22 17:30:58,ASSIGNED,,未标注,,,,,
任雅丽,1310,K2024-3379_d9a3c91ec10e4bee869ff1ba0906cc64.jpg,1033,2025-10-22 17:30:58,ASSIGNED,,未标注,,,,,
任雅丽,1319,K2024-4492_d215467fd69b4cf5b37a0bdcc7b17bed.jpg,1071,2025-10-22 17:30:58,ASSIGNED,,未标注,,,,,
任雅丽,1360,K2024-3932_fe543d37580a41f3ad9b23a3506b912c.jpg,1043,2025-10-22 17:30:58,ASSIGNED,,未标注,,,,,
任雅丽,1375,K2024-4538_3cc25331d09b4e618ce25972d8d2269d.jpg,1083,2025-10-22 17:30:58,ASSIGNED,,未标注,,,,,
任雅丽,1387,K2024-4538_6f9a603bcd1f4be4b53427a3a031f246.jpg,1068,2025-10-22 17:30:58,ASSIGNED,,未标注,,,,,
任雅丽,1433,K2024-4606_69e9d8aea7bb4b5999f1d1b8a4a9ac62.jpg,1664,2025-10-25 09:52:35,ASSIGNED,,未标注,,,,,
任雅丽,1451,K2024-4466_850c4d3ececa4f5496af310248c3c52e.jpg,1670,2025-10-25 09:52:35,ASSIGNED,,未标注,,,,,
任雅丽,1485,K2024-4538_ff8aaff1b7b2480da47cff7536f3ebc0.jpg,1677,2025-10-25 09:52:35,ASSIGNED,,未标注,,,,,
任雅丽,1503,K2024-4492_dac6e4792ec5445abf67ebd911854e5b.jpg,1684,2025-10-25 09:52:35,ASSIGNED,,未标注,,,,,
任雅丽,1541,K2024-3932_b3a797b952e04c4eb54b1dce7f96c064.jpg,1691,2025-10-25 09:52:35,ASSIGNED,,未标注,,,,,
任雅丽,1547,K2023-3026_3fd0ed93e74c4e4a829b3f099c1f438f.jpg,1697,2025-10-25 09:52:35,ASSIGNED,,未标注,,,,,
任雅丽,1580,K2024-4466_ab10149ff54f428a8b7136489dca142d.jpg,1017,2025-10-22 17:30:58,ASSIGNED,,未标注,,,,,
任雅丽,1592,K2024-1592_0062fb3ae01041f4a4cf7063c61d4984.jpg,1703,2025-10-25 09:52:35,ASSIGNED,,未标注,,,,,
任雅丽,1594,K2024-3981_54477d514e5441d4afab7e3c7f2f3440.jpg,1710,2025-10-25 09:52:35,ASSIGNED,,未标注,,,,,
任雅丽,1599,K2023-2593_7b8393751c53406ea422beef03d94c60.jpg,1034,2025-10-22 17:30:58,ASSIGNED,,未标注,,,,,
任雅丽,1605,K2024-4492_e8fac36d86fd4cc6b49922607f30bb58.jpg,1090,2025-10-22 17:30:58,ASSIGNED,,未标注,,,,,
任雅丽,1609,K2024-4606_73a06f80b2a14f69a9e4c42bfc1b7b05.jpg,1028,2025-10-22 17:30:58,ASSIGNED,,未标注,,,,,
任雅丽,1642,K2024-3414_76c158783f614cff896cfea2dc082db1.jpg,1029,2025-10-22 17:30:58,ASSIGNED,,未标注,,,,,
任雅丽,1644,K2024-4492_8506333418044faba4493543824a16ac.jpg,1716,2025-10-25 09:52:35,ASSIGNED,,未标注,,,,,
任雅丽,1666,K2024-4538_59ca42781e0c4992b9109d59b5612bff.jpg,1093,2025-10-22 17:30:58,ASSIGNED,,未标注,,,,,
任雅丽,1679,K2024-3414_7f5f7c21b4764932b83a70333eba7345.jpg,1031,2025-10-22 17:30:58,ASSIGNED,,未标注,,,,,
任雅丽,1731,K2024-3932_3bfde2d08bb24bc88eb6af1a0743aa6e.jpg,1723,2025-10-25 09:52:35,ASSIGNED,,未标注,,,,,
任雅丽,1741,K2024-3932_f4531f81b99342cd909fd656cb3709d7.jpg,1054,2025-10-22 17:30:58,ASSIGNED,,未标注,,,,,
任雅丽,1742,K2024-4492_fc092eecffc546b88b71f072d281abd7.jpg,1030,2025-10-22 17:30:58,ASSIGNED,,未标注,,,,,
任雅丽,1743,K2024-3981_ea566693971d47ec91322de014d4c542.jpg,1729,2025-10-25 09:52:35,ASSIGNED,,未标注,,,,,
任雅丽,1745,K2024-3932_de8690239a64464a94463fc7444780d7.jpg,1091,2025-10-22 17:30:58,ASSIGNED,,未标注,,,,,
任雅丽,1772,K2024-3932_063635402ea8408caeb7c42291f8f17d.jpg,1006,2025-10-22 17:30:58,ASSIGNED,,未标注,,,,,
任雅丽,1781,K2024-4466_cfeb6c86130a4e1eb2a847d51f0d044e.jpg,1080,2025-10-22 17:30:58,ASSIGNED,,未标注,,,,,
任雅丽,1784,K2024-3932_06cab71f1b8148adb2e219faeedc0124.jpg,1735,2025-10-25 09:52:35,ASSIGNED,,未标注,,,,,
任雅丽,1788,K2023-0460_1d55c850c25249cca3466eb8a4cd8742.jpg,1076,2025-10-22 17:30:58,ASSIGNED,,未标注,,,,,
任雅丽,1791,K2024-3932_97c23e8a8d1b4bc5a7872df81686e737.jpg,1201,2025-10-22 17:30:58,ASSIGNED,,未标注,,,,,
任雅丽,1796,K2023-3949_22a32b13cfd340018a9444b52b1c7692.jpg,1747,2025-10-25 09:52:35,ASSIGNED,,未标注,,,,,
喻小娟,1063,K2024-1824_0db49e5ec6ef4f0a9608b4ce55846f85.jpg,1605,2025-10-25 09:52:35,COMPLETED,2025-10-25 19:36:07.413573,已标注,"{""备注"": """", ""萎缩"": ""否"", ""小管1"": ""TAL""}",COMPLETED,,2025-10-25 19:36:07.408893,2025-10-25 19:36:07.408904
喻小娟,1073,K2024-3446_a7603a6ba11b4c4caaa64244c621be83.jpg,750,2025-10-22 17:30:58,COMPLETED,2025-10-25 19:39:54.760300,已标注,"{""备注"": """", ""萎缩"": ""否"", ""小管1"": ""CD""}",COMPLETED,,2025-10-25 19:39:54.754816,2025-10-25 19:39:54.754831
喻小娟,1106,K2024-4492_e557cf5f307d4335a0b48b2ca5c949a1.jpg,1617,2025-10-25 09:52:35,COMPLETED,2025-10-25 19:35:31.442961,已标注,"{""备注"": """", ""萎缩"": ""否"", ""小管1"": ""CD""}",COMPLETED,,2025-10-25 19:35:31.438343,2025-10-25 19:35:31.438354
喻小娟,1126,K2024-3932_6202409afb6b443ba3efc41ff3d0ac51.jpg,635,2025-10-22 17:30:58,COMPLETED,2025-10-24 13:28:03.239676,已标注,"{""备注"": """", ""萎缩"": ""否"", ""小管1"": ""CD""}",COMPLETED,,2025-10-24 13:28:03.235950,2025-10-24 13:28:03.235962
喻小娟,1136,K2024-1525_0da4b976383d405bac8993f3b4cc2f69.jpg,1624,2025-10-25 09:52:35,COMPLETED,2025-10-25 19:35:04.572168,已标注,"{""备注"": """", ""萎缩"": ""否"", ""小管1"": ""不确定（远端/集合管）""}",COMPLETED,,2025-10-25 19:35:04.567761,2025-10-25 19:35:04.567773
喻小娟,1156,K2024-3843_b00b37aff8aa4cdfbeddc3def09604f7.jpg,1630,2025-10-25 09:52:35,COMPLETED,2025-10-25 19:41:10.857702,已标注,"{""备注"": """", ""萎缩"": ""否"", ""小管1"": ""DT""}",COMPLETED,,2025-10-25 19:41:10.851308,2025-10-25 19:41:10.851319
喻小娟,1159,K2024-4538_494a79af55c34ded806c94fa322e078b.jpg,1635,2025-10-25 09:52:35,COMPLETED,2025-10-25 19:42:07.782749,已标注,"{""备注"": """", ""萎缩"": ""否"", ""小管1"": ""PT""}",COMPLETED,,2025-10-25 19:42:07.777827,2025-10-25 19:42:07.777840
喻小娟,1163,K2024-4538_d05961a2258341bd9a6fe5a59d638d26.jpg,636,2025-10-22 17:30:58,COMPLETED,2025-10-25 19:44:54.812381,已标注,"{""备注"": """", ""萎缩"": ""否"", ""小管1"": ""PT""}",COMPLETED,,2025-10-25 19:44:54.808440,2025-10-25 19:44:54.808451
喻小娟,1189,K2024-4606_fce09726a296446da2b8140cd8fc1a4a.jpg,1641,2025-10-25 09:52:35,COMPLETED,2025-10-25 19:48:08.879308,已标注,"{""备注"": """", ""萎缩"": ""否"", ""小管1"": ""DT""}",COMPLETED,,2025-10-25 19:48:08.874536,2025-10-25 19:48:08.874546
喻小娟,1202,K2024-4674_b683f841dff44bbe9ed1c912042a7cd5.jpg,1647,2025-10-25 09:52:35,COMPLETED,2025-10-25 19:46:18.046907,已标注,"{""备注"": """", ""萎缩"": ""Atr"", ""小管1"": ""不确定（近远）""}",COMPLETED,,2025-10-25 19:46:18.042298,2025-10-25 19:46:18.042313
喻小娟,1209,K2024-3446_e58f65720e594c5996b6a3294e88be46.jpg,681,2025-10-22 17:30:58,COMPLETED,2025-10-25 19:44:41.279847,已标注,"{""备注"": """", ""萎缩"": ""否"", ""小管1"": ""CD""}",COMPLETED,,2025-10-25 19:44:41.274367,2025-10-25 19:44:41.274378
喻小娟,1210,K2024-3932_f1e6089062144dc89e1fb6d8559e8fee.jpg,1654,2025-10-25 09:52:35,COMPLETED,2025-10-25 19:48:26.950531,已标注,"{""备注"": """", ""萎缩"": ""否"", ""小管1"": ""CD""}",COMPLETED,,2025-10-25 19:48:26.946541,2025-10-25 19:48:26.946552
喻小娟,1217,K2024-3932_b294b38c4f9444de806d5a8871c92561.jpg,619,2025-10-22 17:30:58,COMPLETED,2025-10-25 19:33:07.326648,已标注,"{""备注"": """", ""萎缩"": ""否"", ""小管1"": ""不确定（远端/集合管）""}",COMPLETED,,2025-10-25 19:33:07.316146,2025-10-25 19:33:07.316160
喻小娟,1232,K2023-1409_b3a4e5c4ea70458bbb54bd4e9d312693.jpg,647,2025-10-22 17:30:58,COMPLETED,2025-10-25 19:31:42.747959,已标注,"{""备注"": """", ""萎缩"": ""否"", ""小管1"": ""PT""}",COMPLETED,,2025-10-25 19:31:42.743113,2025-10-25 19:31:42.743124
喻小娟,1244,K2024-3383_4a3e28f5d8814e74a646eef7c849a01a.jpg,1659,2025-10-25 09:52:35,COMPLETED,2025-10-25 19:45:49.001473,已标注,"{""备注"": """", ""萎缩"": ""否"", ""小管1"": ""DT""}",COMPLETED,,2025-10-25 19:45:48.995888,2025-10-25 19:45:48.995901
喻小娟,1250,K2024-4466_e133b671aa5b4c49bab3ad1b67111150.jpg,641,2025-10-22 17:30:58,COMPLETED,2025-10-25 19:32:10.882298,已标注,"{""备注"": """", ""萎缩"": ""否"", ""小管1"": ""TAL""}",COMPLETED,,2025-10-25 19:32:10.877121,2025-10-25 19:32:10.877131
喻小娟,1259,K2024-4606_8d0868c57c7c49cab5b2f919aef748c3.jpg,660,2025-10-22 17:30:58,COMPLETED,2025-10-25 19:45:10.000340,已标注,"{""备注"": """", ""萎缩"": ""否"", ""小管1"": ""DT""}",COMPLETED,,2025-10-25 19:45:09.992301,2025-10-25 19:45:09.992313
喻小娟,1299,K2024-3045_2d88841142e2422381a778ced7eccb2f.jpg,646,2025-10-22 17:30:58,COMPLETED,2025-10-24 13:54:47.717870,已标注,"{""备注"": """", ""萎缩"": ""否"", ""小管1"": ""DT""}",COMPLETED,,2025-10-24 13:54:47.713501,2025-10-24 13:54:47.713515
喻小娟,1310,K2024-3379_d9a3c91ec10e4bee869ff1ba0906cc64.jpg,633,2025-10-22 17:30:58,COMPLETED,2025-10-25 19:39:08.085811,已标注,"{""备注"": """", ""萎缩"": ""否"", ""小管1"": ""DT""}",COMPLETED,,2025-10-25 19:39:08.080359,2025-10-25 19:39:08.080371
喻小娟,1319,K2024-4492_d215467fd69b4cf5b37a0bdcc7b17bed.jpg,671,2025-10-22 17:30:58,COMPLETED,2025-10-24 13:24:32.712606,已标注,"{""备注"": """", ""萎缩"": ""否"", ""小管1"": ""PT""}",COMPLETED,,2025-10-24 13:24:32.708539,2025-10-24 13:24:32.708550
喻小娟,1360,K2024-3932_fe543d37580a41f3ad9b23a3506b912c.jpg,643,2025-10-22 17:30:58,COMPLETED,2025-10-25 19:29:55.401704,已标注,"{""备注"": """", ""萎缩"": ""Atr"", ""小管1"": ""CD""}",COMPLETED,,2025-10-25 19:29:55.396446,2025-10-25 19:29:55.396457
喻小娟,1375,K2024-4538_3cc25331d09b4e618ce25972d8d2269d.jpg,683,2025-10-22 17:30:58,COMPLETED,2025-10-25 19:41:24.447645,已标注,"{""备注"": """", ""萎缩"": ""否"", ""小管1"": ""PT""}",COMPLETED,,2025-10-25 19:41:24.443412,2025-10-25 19:41:24.443422
喻小娟,1387,K2024-4538_6f9a603bcd1f4be4b53427a3a031f246.jpg,668,2025-10-22 17:30:58,COMPLETED,2025-10-25 19:49:31.810179,已标注,"{""备注"": """", ""萎缩"": ""否"", ""小管1"": ""PT""}",COMPLETED,,2025-10-25 19:49:31.805942,2025-10-25 19:49:31.805953
喻小娟,1433,K2024-4606_69e9d8aea7bb4b5999f1d1b8a4a9ac62.jpg,1665,2025-10-25 09:52:35,COMPLETED,2025-10-25 19:45:29.016839,已标注,"{""备注"": """", ""萎缩"": ""否"", ""小管1"": ""DT""}",COMPLETED,,2025-10-25 19:45:29.011992,2025-10-25 19:45:29.012006
喻小娟,1451,K2024-4466_850c4d3ececa4f5496af310248c3c52e.jpg,1671,2025-10-25 09:52:35,COMPLETED,2025-10-25 19:44:04.359044,已标注,"{""备注"": """", ""萎缩"": ""否"", ""小管1"": ""TAL""}",COMPLETED,,2025-10-25 19:44:04.354467,2025-10-25 19:44:04.354478
喻小娟,1485,K2024-4538_ff8aaff1b7b2480da47cff7536f3ebc0.jpg,1678,2025-10-25 09:52:35,COMPLETED,2025-10-25 19:37:26.804500,已标注,"{""备注"": """", ""萎缩"": ""否"", ""小管1"": ""PT""}",COMPLETED,,2025-10-25 19:37:26.800124,2025-10-25 19:37:26.800136
喻小娟,1503,K2024-4492_dac6e4792ec5445abf67ebd911854e5b.jpg,1685,2025-10-25 09:52:35,COMPLETED,2025-10-25 19:31:28.707757,已标注,"{""备注"": """", ""萎缩"": ""否"", ""小管1"": ""DT""}",COMPLETED,,2025-10-25 19:31:28.702270,2025-10-25 19:31:28.702283
喻小娟,1541,K2024-3932_b3a797b952e04c4eb54b1dce7f96c064.jpg,752,2025-10-22 17:30:58,COMPLETED,2025-10-25 19:40:13.700837,已标注,"{""备注"": """", ""萎缩"": ""Atr"", ""小管1"": ""CD""}",COMPLETED,,2025-10-25 19:40:13.695984,2025-10-25 19:40:13.695996
喻小娟,1547,K2023-3026_3fd0ed93e74c4e4a829b3f099c1f438f.jpg,1698,2025-10-25 09:52:35,COMPLETED,2025-10-25 19:49:13.362248,已标注,"{""备注"": """", ""萎缩"": ""否"", ""小管1"": ""CD""}",COMPLETED,,2025-10-25 19:49:13.357492,2025-10-25 19:49:13.357505
喻小娟,1580,K2024-4466_ab10149ff54f428a8b7136489dca142d.jpg,617,2025-10-22 17:30:58,COMPLETED,2025-10-25 19:41:35.369921,已标注,"{""备注"": """", ""萎缩"": ""否"", ""小管1"": ""CD""}",COMPLETED,,2025-10-25 19:41:35.365298,2025-10-25 19:41:35.365309
喻小娟,1592,K2024-1592_0062fb3ae01041f4a4cf7063c61d4984.jpg,1704,2025-10-25 09:52:35,COMPLETED,2025-10-25 19:31:10.621145,已标注,"{""备注"": """", ""萎缩"": ""否"", ""小管1"": ""TAL""}",COMPLETED,,2025-10-25 19:31:10.616447,2025-10-25 19:31:10.616458
喻小娟,1594,K2024-3981_54477d514e5441d4afab7e3c7f2f3440.jpg,1711,2025-10-25 09:52:35,COMPLETED,2025-10-25 19:40:32.064466,已标注,"{""备注"": """", ""萎缩"": ""否"", ""小管1"": ""CD""}",COMPLETED,,2025-10-25 19:40:32.059947,2025-10-25 19:40:32.059959
喻小娟,1599,K2023-2593_7b8393751c53406ea422beef03d94c60.jpg,634,2025-10-22 17:30:58,COMPLETED,2025-10-24 14:15:18.702061,已标注,"{""备注"": """", ""萎缩"": ""Atr"", ""小管1"": ""TAL""}",COMPLETED,,2025-10-24 14:15:18.698197,2025-10-24 14:15:18.698210
喻小娟,1605,K2024-4492_e8fac36d86fd4cc6b49922607f30bb58.jpg,690,2025-10-22 17:30:58,COMPLETED,2025-10-23 15:45:40.924372,已标注,"{""备注"": """", ""萎缩"": ""否"", ""小管1"": ""TAL""}",COMPLETED,,2025-10-23 15:45:40.920373,2025-10-23 15:45:40.920384
喻小娟,1609,K2024-4606_73a06f80b2a14f69a9e4c42bfc1b7b05.jpg,628,2025-10-22 17:30:58,COMPLETED,2025-10-24 13:43:22.511874,已标注,"{""备注"": """", ""萎缩"": ""否"", ""小管1"": ""TAL""}",COMPLETED,,2025-10-24 13:43:22.508231,2025-10-24 13:43:22.508259
喻小娟,1642,K2024-3414_76c158783f614cff896cfea2dc082db1.jpg,629,2025-10-22 17:30:58,COMPLETED,2025-10-25 19:37:14.594758,已标注,"{""备注"": """", ""萎缩"": ""否"", ""小管1"": ""TAL""}",COMPLETED,,2025-10-25 19:37:14.590121,2025-10-25 19:37:14.590133
喻小娟,1644,K2024-4492_8506333418044faba4493543824a16ac.jpg,1717,2025-10-25 09:52:35,COMPLETED,2025-10-25 19:42:34.565233,已标注,"{""备注"": """", ""萎缩"": ""否"", ""小管1"": ""TAL""}",COMPLETED,,2025-10-25 19:42:34.561079,2025-10-25 19:42:34.561090
喻小娟,1666,K2024-4538_59ca42781e0c4992b9109d59b5612bff.jpg,693,2025-10-22 17:30:58,COMPLETED,2025-10-25 19:43:02.333707,已标注,"{""备注"": """", ""萎缩"": ""否"", ""小管1"": ""PT""}",COMPLETED,,2025-10-25 19:43:02.328347,2025-10-25 19:43:02.328358
喻小娟,1679,K2024-3414_7f5f7c21b4764932b83a70333eba7345.jpg,631,2025-10-22 17:30:58,COMPLETED,2025-10-25 19:41:58.254331,已标注,"{""备注"": """", ""萎缩"": ""否"", ""小管1"": ""TAL""}",COMPLETED,,2025-10-25 19:41:58.249789,2025-10-25 19:41:58.249800
喻小娟,1731,K2024-3932_3bfde2d08bb24bc88eb6af1a0743aa6e.jpg,785,2025-10-22 17:30:58,COMPLETED,2025-10-25 19:46:30.780215,已标注,"{""备注"": """", ""萎缩"": ""Atr"", ""小管1"": ""CD""}",COMPLETED,,2025-10-25 19:46:30.775732,2025-10-25 19:46:30.775746
喻小娟,1741,K2024-3932_f4531f81b99342cd909fd656cb3709d7.jpg,654,2025-10-22 17:30:58,COMPLETED,2025-10-24 14:03:35.480050,已标注,"{""备注"": """", ""萎缩"": ""否"", ""小管1"": ""PT""}",COMPLETED,,2025-10-24 14:03:35.475478,2025-10-24 14:03:35.475489
喻小娟,1742,K2024-4492_fc092eecffc546b88b71f072d281abd7.jpg,630,2025-10-22 17:30:58,COMPLETED,2025-10-25 19:30:35.691017,已标注,"{""备注"": """", ""萎缩"": ""否"", ""小管1"": ""DT""}",COMPLETED,,2025-10-25 19:30:35.685684,2025-10-25 19:30:35.685695
喻小娟,1743,K2024-3981_ea566693971d47ec91322de014d4c542.jpg,1730,2025-10-25 09:52:35,COMPLETED,2025-10-25 19:38:41.542341,已标注,"{""备注"": """", ""萎缩"": ""否"", ""小管1"": ""DT""}",COMPLETED,,2025-10-25 19:38:41.538158,2025-10-25 19:38:41.538171
喻小娟,1745,K2024-3932_de8690239a64464a94463fc7444780d7.jpg,691,2025-10-22 17:30:58,COMPLETED,2025-10-24 14:06:22.145250,已标注,"{""备注"": """", ""萎缩"": ""否"", ""小管1"": ""TAL""}",COMPLETED,,2025-10-24 14:06:22.141335,2025-10-24 14:06:22.141346
喻小娟,1772,K2024-3932_063635402ea8408caeb7c42291f8f17d.jpg,606,2025-10-22 17:30:58,COMPLETED,2025-10-25 19:47:35.406996,已标注,"{""备注"": """", ""萎缩"": ""否"", ""小管1"": ""TAL""}",COMPLETED,,2025-10-25 19:47:35.402518,2025-10-25 19:47:35.402529
喻小娟,1781,K2024-4466_cfeb6c86130a4e1eb2a847d51f0d044e.jpg,680,2025-10-22 17:30:58,COMPLETED,2025-10-25 19:42:52.439240,已标注,"{""备注"": """", ""萎缩"": ""Atr"", ""小管1"": ""PT""}",COMPLETED,,2025-10-25 19:42:52.434957,2025-10-25 19:42:52.434967
喻小娟,1784,K2024-3932_06cab71f1b8148adb2e219faeedc0124.jpg,795,2025-10-22 17:30:58,COMPLETED,2025-10-25 19:40:49.295150,已标注,"{""备注"": """", ""萎缩"": ""Atr"", ""小管1"": ""CD""}",COMPLETED,,2025-10-25 19:40:49.290442,2025-10-25 19:40:49.290458
喻小娟,1788,K2023-0460_1d55c850c25249cca3466eb8a4cd8742.jpg,676,2025-10-22 17:30:58,COMPLETED,2025-10-25 19:36:43.001359,已标注,"{""备注"": """", ""萎缩"": ""否"", ""小管1"": ""TAL""}",COMPLETED,,2025-10-25 19:36:42.990305,2025-10-25 19:36:42.990316
喻小娟,1791,K2024-3932_97c23e8a8d1b4bc5a7872df81686e737.jpg,1741,2025-10-25 09:52:35,COMPLETED,2025-10-25 19:39:22.491181,已标注,"{""备注"": """", ""萎缩"": ""否"", ""小管1"": ""CD""}",COMPLETED,,2025-10-25 19:39:22.486320,2025-10-25 19:39:22.486332
喻小娟,1796,K2023-3949_22a32b13cfd340018a9444b52b1c7692.jpg,1748,2025-10-25 09:52:35,COMPLETED,2025-10-25 19:43:26.469967,已标注,"{""备注"": """", ""萎缩"": ""否"", ""小管1"": ""TAL""}",COMPLETED,,2025-10-25 19:43:26.465162,2025-10-25 19:43:26.465177
大帅哥,1063,K2024-1824_0db49e5ec6ef4f0a9608b4ce55846f85.jpg,1606,2025-10-25 09:52:35,ASSIGNED,,未标注,,,,,
大帅哥,1073,K2024-3446_a7603a6ba11b4c4caaa64244c621be83.jpg,1612,2025-10-25 09:52:35,ASSIGNED,,未标注,,,,,
大帅哥,1106,K2024-4492_e557cf5f307d4335a0b48b2ca5c949a1.jpg,1618,2025-10-25 09:52:35,ASSIGNED,,未标注,,,,,
大帅哥,1126,K2024-3932_6202409afb6b443ba3efc41ff3d0ac51.jpg,1235,2025-10-22 17:30:58,ASSIGNED,,未标注,,,,,
大帅哥,1136,K2024-1525_0da4b976383d405bac8993f3b4cc2f69.jpg,1625,2025-10-25 09:52:35,ASSIGNED,,未标注,,,,,
大帅哥,1156,K2024-3843_b00b37aff8aa4cdfbeddc3def09604f7.jpg,1353,2025-10-22 17:30:58,ASSIGNED,,未标注,,,,,
大帅哥,1159,K2024-4538_494a79af55c34ded806c94fa322e078b.jpg,1636,2025-10-25 09:52:35,ASSIGNED,,未标注,,,,,
大帅哥,1163,K2024-4538_d05961a2258341bd9a6fe5a59d638d26.jpg,1236,2025-10-22 17:30:58,ASSIGNED,,未标注,,,,,
大帅哥,1189,K2024-4606_fce09726a296446da2b8140cd8fc1a4a.jpg,1319,2025-10-22 17:30:58,ASSIGNED,,未标注,,,,,
大帅哥,1202,K2024-4674_b683f841dff44bbe9ed1c912042a7cd5.jpg,1648,2025-10-25 09:52:35,ASSIGNED,,未标注,,,,,
大帅哥,1209,K2024-3446_e58f65720e594c5996b6a3294e88be46.jpg,1281,2025-10-22 17:30:58,ASSIGNED,,未标注,,,,,
大帅哥,1210,K2024-3932_f1e6089062144dc89e1fb6d8559e8fee.jpg,1655,2025-10-25 09:52:35,ASSIGNED,,未标注,,,,,
大帅哥,1217,K2024-3932_b294b38c4f9444de806d5a8871c92561.jpg,1219,2025-10-22 17:30:58,ASSIGNED,,未标注,,,,,
大帅哥,1232,K2023-1409_b3a4e5c4ea70458bbb54bd4e9d312693.jpg,1247,2025-10-22 17:30:58,ASSIGNED,,未标注,,,,,
大帅哥,1244,K2024-3383_4a3e28f5d8814e74a646eef7c849a01a.jpg,1660,2025-10-25 09:52:35,ASSIGNED,,未标注,,,,,
大帅哥,1250,K2024-4466_e133b671aa5b4c49bab3ad1b67111150.jpg,1241,2025-10-22 17:30:58,ASSIGNED,,未标注,,,,,
大帅哥,1259,K2024-4606_8d0868c57c7c49cab5b2f919aef748c3.jpg,1260,2025-10-22 17:30:58,ASSIGNED,,未标注,,,,,
大帅哥,1299,K2024-3045_2d88841142e2422381a778ced7eccb2f.jpg,1246,2025-10-22 17:30:58,ASSIGNED,,未标注,,,,,
大帅哥,1310,K2024-3379_d9a3c91ec10e4bee869ff1ba0906cc64.jpg,1233,2025-10-22 17:30:58,ASSIGNED,,未标注,,,,,
大帅哥,1319,K2024-4492_d215467fd69b4cf5b37a0bdcc7b17bed.jpg,1271,2025-10-22 17:30:58,ASSIGNED,,未标注,,,,,
大帅哥,1360,K2024-3932_fe543d37580a41f3ad9b23a3506b912c.jpg,1243,2025-10-22 17:30:58,ASSIGNED,,未标注,,,,,
大帅哥,1375,K2024-4538_3cc25331d09b4e618ce25972d8d2269d.jpg,1283,2025-10-22 17:30:58,COMPLETED,2025-10-24 12:17:59.240517,已标注,"{""备注"": """", ""萎缩"": ""不确定"", ""小管1"": ""PT""}",COMPLETED,,2025-10-24 12:17:59.236218,2025-10-24 12:17:59.236228
大帅哥,1387,K2024-4538_6f9a603bcd1f4be4b53427a3a031f246.jpg,1268,2025-10-22 17:30:58,ASSIGNED,,未标注,,,,,
大帅哥,1433,K2024-4606_69e9d8aea7bb4b5999f1d1b8a4a9ac62.jpg,1666,2025-10-25 09:52:35,ASSIGNED,,未标注,,,,,
大帅哥,1451,K2024-4466_850c4d3ececa4f5496af310248c3c52e.jpg,1672,2025-10-25 09:52:35,ASSIGNED,,未标注,,,,,
大帅哥,1485,K2024-4538_ff8aaff1b7b2480da47cff7536f3ebc0.jpg,1679,2025-10-25 09:52:35,ASSIGNED,,未标注,,,,,
大帅哥,1503,K2024-4492_dac6e4792ec5445abf67ebd911854e5b.jpg,1686,2025-10-25 09:52:35,ASSIGNED,,未标注,,,,,
大帅哥,1541,K2024-3932_b3a797b952e04c4eb54b1dce7f96c064.jpg,1692,2025-10-25 09:52:35,ASSIGNED,,未标注,,,,,
大帅哥,1547,K2023-3026_3fd0ed93e74c4e4a829b3f099c1f438f.jpg,1699,2025-10-25 09:52:35,ASSIGNED,,未标注,,,,,
大帅哥,1580,K2024-4466_ab10149ff54f428a8b7136489dca142d.jpg,1217,2025-10-22 17:30:58,ASSIGNED,,未标注,,,,,
大帅哥,1592,K2024-1592_0062fb3ae01041f4a4cf7063c61d4984.jpg,1705,2025-10-25 09:52:35,ASSIGNED,,未标注,,,,,
大帅哥,1594,K2024-3981_54477d514e5441d4afab7e3c7f2f3440.jpg,1712,2025-10-25 09:52:35,ASSIGNED,,未标注,,,,,
大帅哥,1599,K2023-2593_7b8393751c53406ea422beef03d94c60.jpg,1234,2025-10-22 17:30:58,ASSIGNED,,未标注,,,,,
大帅哥,1605,K2024-4492_e8fac36d86fd4cc6b49922607f30bb58.jpg,1290,2025-10-22 17:30:58,ASSIGNED,,未标注,,,,,
大帅哥,1609,K2024-4606_73a06f80b2a14f69a9e4c42bfc1b7b05.jpg,1228,2025-10-22 17:30:58,ASSIGNED,,未标注,,,,,
大帅哥,1642,K2024-3414_76c158783f614cff896cfea2dc082db1.jpg,1229,2025-10-22 17:30:58,ASSIGNED,,未标注,,,,,
大帅哥,1644,K2024-4492_8506333418044faba4493543824a16ac.jpg,1718,2025-10-25 09:52:35,ASSIGNED,,未标注,,,,,
大帅哥,1666,K2024-4538_59ca42781e0c4992b9109d59b5612bff.jpg,1293,2025-10-22 17:30:58,ASSIGNED,,未标注,,,,,
大帅哥,1679,K2024-3414_7f5f7c21b4764932b83a70333eba7345.jpg,1231,2025-10-22 17:30:58,ASSIGNED,,未标注,,,,,
大帅哥,1731,K2024-3932_3bfde2d08bb24bc88eb6af1a0743aa6e.jpg,1724,2025-10-25 09:52:35,ASSIGNED,,未标注,,,,,
大帅哥,1741,K2024-3932_f4531f81b99342cd909fd656cb3709d7.jpg,1254,2025-10-22 17:30:58,ASSIGNED,,未标注,,,,,
大帅哥,1742,K2024-4492_fc092eecffc546b88b71f072d281abd7.jpg,1230,2025-10-22 17:30:58,ASSIGNED,,未标注,,,,,
大帅哥,1743,K2024-3981_ea566693971d47ec91322de014d4c542.jpg,1731,2025-10-25 09:52:35,ASSIGNED,,未标注,,,,,
大帅哥,1745,K2024-3932_de8690239a64464a94463fc7444780d7.jpg,1291,2025-10-22 17:30:58,ASSIGNED,,未标注,,,,,
大帅哥,1772,K2024-3932_063635402ea8408caeb7c42291f8f17d.jpg,1206,2025-10-22 17:30:58,COMPLETED,2025-10-22 20:46:38.563468,已标注,"{""备注"": """", ""萎缩"": ""Atr"", ""小管1"": ""PT""}",COMPLETED,,2025-10-22 20:46:38.557913,2025-10-22 20:46:38.557924
大帅哥,1781,K2024-4466_cfeb6c86130a4e1eb2a847d51f0d044e.jpg,1280,2025-10-22 17:30:58,ASSIGNED,,未标注,,,,,
大帅哥,1784,K2024-3932_06cab71f1b8148adb2e219faeedc0124.jpg,1736,2025-10-25 09:52:35,ASSIGNED,,未标注,,,,,
大帅哥,1788,K2023-0460_1d55c850c25249cca3466eb8a4cd8742.jpg,1276,2025-10-22 17:30:58,ASSIGNED,,未标注,,,,,
大帅哥,1791,K2024-3932_97c23e8a8d1b4bc5a7872df81686e737.jpg,1742,2025-10-25 09:52:35,ASSIGNED,,未标注,,,,,
大帅哥,1796,K2023-3949_22a32b13cfd340018a9444b52b1c7692.jpg,1749,2025-10-25 09:52:35,ASSIGNED,,未标注,,,,,
大美女,1063,K2024-1824_0db49e5ec6ef4f0a9608b4ce55846f85.jpg,1607,2025-10-25 09:52:35,ASSIGNED,,未标注,,,,,
大美女,1073,K2024-3446_a7603a6ba11b4c4caaa64244c621be83.jpg,1613,2025-10-25 09:52:35,ASSIGNED,,未标注,,,,,
大美女,1106,K2024-4492_e557cf5f307d4335a0b48b2ca5c949a1.jpg,1619,2025-10-25 09:52:35,ASSIGNED,,未标注,,,,,
大美女,1126,K2024-3932_6202409afb6b443ba3efc41ff3d0ac51.jpg,1435,2025-10-22 17:30:58,ASSIGNED,,未标注,,,,,
大美女,1136,K2024-1525_0da4b976383d405bac8993f3b4cc2f69.jpg,1626,2025-10-25 09:52:35,ASSIGNED,,未标注,,,,,
大美女,1156,K2024-3843_b00b37aff8aa4cdfbeddc3def09604f7.jpg,1631,2025-10-25 09:52:35,ASSIGNED,,未标注,,,,,
大美女,1159,K2024-4538_494a79af55c34ded806c94fa322e078b.jpg,1637,2025-10-25 09:52:35,ASSIGNED,,未标注,,,,,
大美女,1163,K2024-4538_d05961a2258341bd9a6fe5a59d638d26.jpg,1436,2025-10-22 17:30:58,ASSIGNED,,未标注,,,,,
大美女,1189,K2024-4606_fce09726a296446da2b8140cd8fc1a4a.jpg,1642,2025-10-25 09:52:35,ASSIGNED,,未标注,,,,,
大美女,1202,K2024-4674_b683f841dff44bbe9ed1c912042a7cd5.jpg,1649,2025-10-25 09:52:35,ASSIGNED,,未标注,,,,,
大美女,1209,K2024-3446_e58f65720e594c5996b6a3294e88be46.jpg,1481,2025-10-22 17:30:58,ASSIGNED,,未标注,,,,,
大美女,1210,K2024-3932_f1e6089062144dc89e1fb6d8559e8fee.jpg,1656,2025-10-25 09:52:35,ASSIGNED,,未标注,,,,,
大美女,1217,K2024-3932_b294b38c4f9444de806d5a8871c92561.jpg,1419,2025-10-22 17:30:58,ASSIGNED,,未标注,,,,,
大美女,1232,K2023-1409_b3a4e5c4ea70458bbb54bd4e9d312693.jpg,1447,2025-10-22 17:30:58,ASSIGNED,,未标注,,,,,
大美女,1244,K2024-3383_4a3e28f5d8814e74a646eef7c849a01a.jpg,1661,2025-10-25 09:52:35,ASSIGNED,,未标注,,,,,
大美女,1250,K2024-4466_e133b671aa5b4c49bab3ad1b67111150.jpg,1441,2025-10-22 17:30:58,ASSIGNED,,未标注,,,,,
大美女,1259,K2024-4606_8d0868c57c7c49cab5b2f919aef748c3.jpg,1460,2025-10-22 17:30:58,ASSIGNED,,未标注,,,,,
大美女,1299,K2024-3045_2d88841142e2422381a778ced7eccb2f.jpg,1446,2025-10-22 17:30:58,ASSIGNED,,未标注,,,,,
大美女,1310,K2024-3379_d9a3c91ec10e4bee869ff1ba0906cc64.jpg,1433,2025-10-22 17:30:58,ASSIGNED,,未标注,,,,,
大美女,1319,K2024-4492_d215467fd69b4cf5b37a0bdcc7b17bed.jpg,1471,2025-10-22 17:30:58,ASSIGNED,,未标注,,,,,
大美女,1360,K2024-3932_fe543d37580a41f3ad9b23a3506b912c.jpg,1443,2025-10-22 17:30:58,ASSIGNED,,未标注,,,,,
大美女,1375,K2024-4538_3cc25331d09b4e618ce25972d8d2269d.jpg,1483,2025-10-22 17:30:58,ASSIGNED,,未标注,,,,,
大美女,1387,K2024-4538_6f9a603bcd1f4be4b53427a3a031f246.jpg,1468,2025-10-22 17:30:58,ASSIGNED,,未标注,,,,,
大美女,1433,K2024-4606_69e9d8aea7bb4b5999f1d1b8a4a9ac62.jpg,1667,2025-10-25 09:52:35,ASSIGNED,,未标注,,,,,
大美女,1451,K2024-4466_850c4d3ececa4f5496af310248c3c52e.jpg,1673,2025-10-25 09:52:35,ASSIGNED,,未标注,,,,,
大美女,1485,K2024-4538_ff8aaff1b7b2480da47cff7536f3ebc0.jpg,1680,2025-10-25 09:52:35,ASSIGNED,,未标注,,,,,
大美女,1503,K2024-4492_dac6e4792ec5445abf67ebd911854e5b.jpg,1687,2025-10-25 09:52:35,ASSIGNED,,未标注,,,,,
大美女,1541,K2024-3932_b3a797b952e04c4eb54b1dce7f96c064.jpg,1693,2025-10-25 09:52:35,ASSIGNED,,未标注,,,,,
大美女,1547,K2023-3026_3fd0ed93e74c4e4a829b3f099c1f438f.jpg,1700,2025-10-25 09:52:35,ASSIGNED,,未标注,,,,,
大美女,1580,K2024-4466_ab10149ff54f428a8b7136489dca142d.jpg,1417,2025-10-22 17:30:58,ASSIGNED,,未标注,,,,,
大美女,1592,K2024-1592_0062fb3ae01041f4a4cf7063c61d4984.jpg,1706,2025-10-25 09:52:35,ASSIGNED,,未标注,,,,,
大美女,1594,K2024-3981_54477d514e5441d4afab7e3c7f2f3440.jpg,1713,2025-10-25 09:52:35,ASSIGNED,,未标注,,,,,
大美女,1599,K2023-2593_7b8393751c53406ea422beef03d94c60.jpg,1434,2025-10-22 17:30:58,ASSIGNED,,未标注,,,,,
大美女,1605,K2024-4492_e8fac36d86fd4cc6b49922607f30bb58.jpg,1490,2025-10-22 17:30:58,ASSIGNED,,未标注,,,,,
大美女,1609,K2024-4606_73a06f80b2a14f69a9e4c42bfc1b7b05.jpg,1428,2025-10-22 17:30:58,ASSIGNED,,未标注,,,,,
大美女,1642,K2024-3414_76c158783f614cff896cfea2dc082db1.jpg,1429,2025-10-22 17:30:58,ASSIGNED,,未标注,,,,,
大美女,1644,K2024-4492_8506333418044faba4493543824a16ac.jpg,1719,2025-10-25 09:52:35,ASSIGNED,,未标注,,,,,
大美女,1666,K2024-4538_59ca42781e0c4992b9109d59b5612bff.jpg,1493,2025-10-22 17:30:58,ASSIGNED,,未标注,,,,,
大美女,1679,K2024-3414_7f5f7c21b4764932b83a70333eba7345.jpg,1431,2025-10-22 17:30:58,ASSIGNED,,未标注,,,,,
大美女,1731,K2024-3932_3bfde2d08bb24bc88eb6af1a0743aa6e.jpg,1725,2025-10-25 09:52:35,ASSIGNED,,未标注,,,,,
大美女,1741,K2024-3932_f4531f81b99342cd909fd656cb3709d7.jpg,1454,2025-10-22 17:30:58,ASSIGNED,,未标注,,,,,
大美女,1742,K2024-4492_fc092eecffc546b88b71f072d281abd7.jpg,1430,2025-10-22 17:30:58,ASSIGNED,,未标注,,,,,
大美女,1743,K2024-3981_ea566693971d47ec91322de014d4c542.jpg,1732,2025-10-25 09:52:35,ASSIGNED,,未标注,,,,,
大美女,1745,K2024-3932_de8690239a64464a94463fc7444780d7.jpg,1491,2025-10-22 17:30:58,ASSIGNED,,未标注,,,,,
大美女,1772,K2024-3932_063635402ea8408caeb7c42291f8f17d.jpg,1406,2025-10-22 17:30:58,ASSIGNED,,未标注,,,,,
大美女,1781,K2024-4466_cfeb6c86130a4e1eb2a847d51f0d044e.jpg,1480,2025-10-22 17:30:58,ASSIGNED,,未标注,,,,,
大美女,1784,K2024-3932_06cab71f1b8148adb2e219faeedc0124.jpg,1737,2025-10-25 09:52:35,ASSIGNED,,未标注,,,,,
大美女,1788,K2023-0460_1d55c850c25249cca3466eb8a4cd8742.jpg,1476,2025-10-22 17:30:58,ASSIGNED,,未标注,,,,,
大美女,1791,K2024-3932_97c23e8a8d1b4bc5a7872df81686e737.jpg,1743,2025-10-25 09:52:35,ASSIGNED,,未标注,,,,,
大美女,1796,K2023-3949_22a32b13cfd340018a9444b52b1c7692.jpg,1750,2025-10-25 09:52:35,ASSIGNED,,未标注,,,,,
张旭,1063,K2024-1824_0db49e5ec6ef4f0a9608b4ce55846f85.jpg,1608,2025-10-25 09:52:35,COMPLETED,2025-10-25 17:36:22.179031,已标注,"{""备注"": """", ""萎缩"": ""否"", ""小管1"": ""CD""}",COMPLETED,,2025-10-25 17:36:22.174336,2025-10-25 17:36:22.174348
张旭,1073,K2024-3446_a7603a6ba11b4c4caaa64244c621be83.jpg,1614,2025-10-25 09:52:35,COMPLETED,2025-10-25 17:46:38.805702,已标注,"{""备注"": """", ""萎缩"": ""否"", ""小管1"": ""TAL""}",COMPLETED,,2025-10-25 17:46:38.801084,2025-10-25 17:46:38.801094
张旭,1106,K2024-4492_e557cf5f307d4335a0b48b2ca5c949a1.jpg,1620,2025-10-25 09:52:35,COMPLETED,2025-10-25 17:13:10.101648,已标注,"{""备注"": """", ""萎缩"": ""否"", ""小管1"": ""DT""}",COMPLETED,,2025-10-25 17:13:10.094940,2025-10-25 17:13:10.094950
张旭,1126,K2024-3932_6202409afb6b443ba3efc41ff3d0ac51.jpg,835,2025-10-22 17:30:58,COMPLETED,2025-10-25 17:15:35.877490,已标注,"{""备注"": """", ""萎缩"": ""否"", ""小管1"": ""DT""}",COMPLETED,,2025-10-25 17:15:35.871016,2025-10-25 17:15:35.871029
张旭,1136,K2024-1525_0da4b976383d405bac8993f3b4cc2f69.jpg,1627,2025-10-25 09:52:35,COMPLETED,2025-10-25 17:48:59.163499,已标注,"{""备注"": """", ""萎缩"": ""否"", ""小管1"": ""不确定（远曲/原直）""}",COMPLETED,,2025-10-25 17:48:59.158921,2025-10-25 17:48:59.158931
张旭,1156,K2024-3843_b00b37aff8aa4cdfbeddc3def09604f7.jpg,1632,2025-10-25 09:52:35,COMPLETED,2025-10-25 17:35:22.994028,已标注,"{""备注"": """", ""萎缩"": ""Atr"", ""小管1"": ""DT""}",COMPLETED,,2025-10-25 17:35:22.989293,2025-10-25 17:35:22.989322
张旭,1159,K2024-4538_494a79af55c34ded806c94fa322e078b.jpg,1638,2025-10-25 09:52:35,COMPLETED,2025-10-25 17:35:38.960938,已标注,"{""备注"": """", ""萎缩"": ""否"", ""小管1"": ""PT""}",COMPLETED,,2025-10-25 17:35:38.955616,2025-10-25 17:35:38.955629
张旭,1163,K2024-4538_d05961a2258341bd9a6fe5a59d638d26.jpg,836,2025-10-22 17:30:58,COMPLETED,2025-10-25 17:25:57.729836,已标注,"{""备注"": ""ATI"", ""萎缩"": ""否"", ""小管1"": ""PT""}",COMPLETED,,2025-10-25 17:25:57.725308,2025-10-25 17:25:57.725319
张旭,1189,K2024-4606_fce09726a296446da2b8140cd8fc1a4a.jpg,1643,2025-10-25 09:52:35,COMPLETED,2025-10-25 17:49:37.367609,已标注,"{""备注"": """", ""萎缩"": ""否"", ""小管1"": ""DT""}",COMPLETED,,2025-10-25 17:49:37.362772,2025-10-25 17:49:37.362784
张旭,1202,K2024-4674_b683f841dff44bbe9ed1c912042a7cd5.jpg,1650,2025-10-25 09:52:35,COMPLETED,2025-10-25 17:03:38.713554,已标注,"{""备注"": ""结合背景位置，刷毛缘"", ""萎缩"": ""Atr"", ""小管1"": ""PT""}",COMPLETED,,2025-10-25 17:03:38.687279,2025-10-25 17:03:38.687292
张旭,1209,K2024-3446_e58f65720e594c5996b6a3294e88be46.jpg,881,2025-10-22 17:30:58,COMPLETED,2025-10-25 17:28:49.708378,已标注,"{""备注"": """", ""萎缩"": ""Atr"", ""小管1"": ""CD""}",COMPLETED,,2025-10-25 17:28:49.703748,2025-10-25 17:28:49.703760
张旭,1210,K2024-3932_f1e6089062144dc89e1fb6d8559e8fee.jpg,987,2025-10-22 17:30:58,COMPLETED,2025-10-25 17:26:34.780925,已标注,"{""备注"": """", ""萎缩"": ""Atr"", ""小管1"": ""CD""}",COMPLETED,,2025-10-25 17:26:34.775725,2025-10-25 17:26:34.775741
张旭,1217,K2024-3932_b294b38c4f9444de806d5a8871c92561.jpg,819,2025-10-22 17:30:58,COMPLETED,2025-10-25 17:29:09.717916,已标注,"{""备注"": """", ""萎缩"": ""Atr"", ""小管1"": ""DT""}",COMPLETED,,2025-10-25 17:29:09.713112,2025-10-25 17:29:09.713124
张旭,1232,K2023-1409_b3a4e5c4ea70458bbb54bd4e9d312693.jpg,847,2025-10-22 17:30:58,COMPLETED,2025-10-25 17:19:02.304463,已标注,"{""备注"": ""细胞水肿，不确定，但肯定不是近端"", ""萎缩"": ""否"", ""小管1"": ""不确定（远端/集合管）""}",COMPLETED,,2025-10-25 17:19:02.299447,2025-10-25 17:19:02.299459
张旭,1244,K2024-3383_4a3e28f5d8814e74a646eef7c849a01a.jpg,904,2025-10-22 17:30:58,COMPLETED,2025-10-25 17:45:42.290702,已标注,"{""备注"": """", ""萎缩"": ""否"", ""小管1"": ""DT""}",COMPLETED,,2025-10-25 17:45:42.285796,2025-10-25 17:45:42.285807
张旭,1250,K2024-4466_e133b671aa5b4c49bab3ad1b67111150.jpg,841,2025-10-22 17:30:58,COMPLETED,2025-10-25 17:32:20.555251,已标注,"{""备注"": """", ""萎缩"": ""Atr"", ""小管1"": ""TAL""}",COMPLETED,,2025-10-25 17:32:20.550551,2025-10-25 17:32:20.550561
张旭,1259,K2024-4606_8d0868c57c7c49cab5b2f919aef748c3.jpg,860,2025-10-22 17:30:58,COMPLETED,2025-10-25 17:39:20.347877,已标注,"{""备注"": """", ""萎缩"": ""否"", ""小管1"": ""DT""}",COMPLETED,,2025-10-25 17:39:20.343774,2025-10-25 17:39:20.343784
张旭,1299,K2024-3045_2d88841142e2422381a778ced7eccb2f.jpg,846,2025-10-22 17:30:58,COMPLETED,2025-10-25 17:30:17.828254,已标注,"{""备注"": """", ""萎缩"": ""否"", ""小管1"": ""TAL""}",COMPLETED,,2025-10-25 17:30:17.823287,2025-10-25 17:30:17.823299
张旭,1310,K2024-3379_d9a3c91ec10e4bee869ff1ba0906cc64.jpg,833,2025-10-22 17:30:58,COMPLETED,2025-10-25 17:48:10.318331,已标注,"{""备注"": """", ""萎缩"": ""否"", ""小管1"": ""DT""}",COMPLETED,,2025-10-25 17:48:10.313581,2025-10-25 17:48:10.313594
张旭,1319,K2024-4492_d215467fd69b4cf5b37a0bdcc7b17bed.jpg,871,2025-10-22 17:30:58,COMPLETED,2025-10-25 17:26:05.533299,已标注,"{""备注"": """", ""萎缩"": ""否"", ""小管1"": ""PT""}",COMPLETED,,2025-10-25 17:26:05.527310,2025-10-25 17:26:05.527323
张旭,1360,K2024-3932_fe543d37580a41f3ad9b23a3506b912c.jpg,843,2025-10-22 17:30:58,COMPLETED,2025-10-25 17:13:49.517367,已标注,"{""备注"": ""髓质区"", ""萎缩"": ""Atr"", ""小管1"": ""不确定（远端/集合管）""}",COMPLETED,,2025-10-25 17:13:49.511155,2025-10-25 17:13:49.511167
张旭,1375,K2024-4538_3cc25331d09b4e618ce25972d8d2269d.jpg,883,2025-10-22 17:30:58,COMPLETED,2025-10-25 17:50:34.539874,已标注,"{""备注"": """", ""萎缩"": ""否"", ""小管1"": ""PT""}",COMPLETED,,2025-10-25 17:50:22.301633,2025-10-25 17:50:22.301644
张旭,1387,K2024-4538_6f9a603bcd1f4be4b53427a3a031f246.jpg,868,2025-10-22 17:30:58,COMPLETED,2025-10-25 17:16:30.100936,已标注,"{""备注"": """", ""萎缩"": ""否"", ""小管1"": ""PT""}",COMPLETED,,2025-10-25 17:16:30.095697,2025-10-25 17:16:30.095709
张旭,1433,K2024-4606_69e9d8aea7bb4b5999f1d1b8a4a9ac62.jpg,1668,2025-10-25 09:52:35,COMPLETED,2025-10-25 17:30:41.492953,已标注,"{""备注"": """", ""萎缩"": ""否"", ""小管1"": ""DT""}",COMPLETED,,2025-10-25 17:30:41.488237,2025-10-25 17:30:41.488249
张旭,1451,K2024-4466_850c4d3ececa4f5496af310248c3c52e.jpg,1674,2025-10-25 09:52:35,COMPLETED,2025-10-25 17:11:32.345695,已标注,"{""备注"": ""髓质区，核突向腔面"", ""萎缩"": ""Atr"", ""小管1"": ""TAL""}",COMPLETED,,2025-10-25 17:11:32.338972,2025-10-25 17:11:32.338983
张旭,1485,K2024-4538_ff8aaff1b7b2480da47cff7536f3ebc0.jpg,1681,2025-10-25 09:52:35,COMPLETED,2025-10-25 17:49:22.908585,已标注,"{""备注"": """", ""萎缩"": ""否"", ""小管1"": ""PT""}",COMPLETED,,2025-10-25 17:49:22.903661,2025-10-25 17:49:22.903672
张旭,1503,K2024-4492_dac6e4792ec5445abf67ebd911854e5b.jpg,1688,2025-10-25 09:52:35,COMPLETED,2025-10-25 17:30:01.251193,已标注,"{""备注"": """", ""萎缩"": ""否"", ""小管1"": ""DT""}",COMPLETED,,2025-10-25 17:30:01.245388,2025-10-25 17:30:01.245404
张旭,1541,K2024-3932_b3a797b952e04c4eb54b1dce7f96c064.jpg,1694,2025-10-25 09:52:35,COMPLETED,2025-10-25 17:45:22.880119,已标注,"{""备注"": """", ""萎缩"": ""Atr"", ""小管1"": ""TAL""}",COMPLETED,,2025-10-25 17:45:22.876224,2025-10-25 17:45:22.876235
张旭,1547,K2023-3026_3fd0ed93e74c4e4a829b3f099c1f438f.jpg,994,2025-10-22 17:30:58,COMPLETED,2025-10-25 17:15:49.117191,已标注,"{""备注"": """", ""萎缩"": ""否"", ""小管1"": ""CD""}",COMPLETED,,2025-10-25 17:15:49.112485,2025-10-25 17:15:49.112501
张旭,1580,K2024-4466_ab10149ff54f428a8b7136489dca142d.jpg,817,2025-10-22 17:30:58,COMPLETED,2025-10-25 17:46:04.392397,已标注,"{""备注"": """", ""萎缩"": ""否"", ""小管1"": ""CD""}",COMPLETED,,2025-10-25 17:46:04.387849,2025-10-25 17:46:04.387862
张旭,1592,K2024-1592_0062fb3ae01041f4a4cf7063c61d4984.jpg,1707,2025-10-25 09:52:35,COMPLETED,2025-10-25 17:49:52.781344,已标注,"{""备注"": """", ""萎缩"": ""否"", ""小管1"": ""TAL""}",COMPLETED,,2025-10-25 17:49:52.776967,2025-10-25 17:49:52.776977
张旭,1594,K2024-3981_54477d514e5441d4afab7e3c7f2f3440.jpg,1714,2025-10-25 09:52:35,COMPLETED,2025-10-25 17:49:16.594899,已标注,"{""备注"": """", ""萎缩"": ""否"", ""小管1"": ""CD""}",COMPLETED,,2025-10-25 17:49:16.588099,2025-10-25 17:49:16.588109
张旭,1599,K2023-2593_7b8393751c53406ea422beef03d94c60.jpg,834,2025-10-22 17:30:58,COMPLETED,2025-10-25 17:47:48.463293,已标注,"{""备注"": """", ""萎缩"": ""Atr"", ""小管1"": ""TAL""}",COMPLETED,,2025-10-25 17:47:48.458779,2025-10-25 17:47:48.458790
张旭,1605,K2024-4492_e8fac36d86fd4cc6b49922607f30bb58.jpg,890,2025-10-22 17:30:58,COMPLETED,2025-10-25 17:20:21.651381,已标注,"{""备注"": ""核突出"", ""萎缩"": ""否"", ""小管1"": ""TAL""}",COMPLETED,,2025-10-25 17:20:21.645261,2025-10-25 17:20:21.645288
张旭,1609,K2024-4606_73a06f80b2a14f69a9e4c42bfc1b7b05.jpg,828,2025-10-22 17:30:58,COMPLETED,2025-10-25 17:50:16.761929,已标注,"{""备注"": """", ""萎缩"": ""否"", ""小管1"": ""TAL""}",COMPLETED,,2025-10-25 17:50:16.757262,2025-10-25 17:50:16.757275
张旭,1642,K2024-3414_76c158783f614cff896cfea2dc082db1.jpg,829,2025-10-22 17:30:58,COMPLETED,2025-10-25 17:44:47.224478,已标注,"{""备注"": """", ""萎缩"": ""否"", ""小管1"": ""CD""}",COMPLETED,,2025-10-25 17:44:47.220307,2025-10-25 17:44:47.220317
张旭,1644,K2024-4492_8506333418044faba4493543824a16ac.jpg,1720,2025-10-25 09:52:35,COMPLETED,2025-10-25 17:28:32.393222,已标注,"{""备注"": """", ""萎缩"": ""否"", ""小管1"": ""TAL""}",COMPLETED,,2025-10-25 17:28:32.388561,2025-10-25 17:28:32.388572
张旭,1666,K2024-4538_59ca42781e0c4992b9109d59b5612bff.jpg,893,2025-10-22 17:30:58,COMPLETED,2025-10-25 17:45:49.584600,已标注,"{""备注"": """", ""萎缩"": ""否"", ""小管1"": ""PT""}",COMPLETED,,2025-10-25 17:45:49.578396,2025-10-25 17:45:49.578407
张旭,1679,K2024-3414_7f5f7c21b4764932b83a70333eba7345.jpg,831,2025-10-22 17:30:58,COMPLETED,2025-10-25 17:24:48.591322,已标注,"{""备注"": """", ""萎缩"": ""否"", ""小管1"": ""CD""}",COMPLETED,,2025-10-25 17:21:13.617218,2025-10-25 17:24:48.587017
张旭,1731,K2024-3932_3bfde2d08bb24bc88eb6af1a0743aa6e.jpg,1726,2025-10-25 09:52:35,COMPLETED,2025-10-25 17:45:01.940775,已标注,"{""备注"": """", ""萎缩"": ""Atr"", ""小管1"": ""不确定（远端/集合管）""}",COMPLETED,,2025-10-25 17:45:01.936163,2025-10-25 17:45:01.936174
张旭,1741,K2024-3932_f4531f81b99342cd909fd656cb3709d7.jpg,854,2025-10-22 17:30:58,COMPLETED,2025-10-25 17:38:09.793727,已标注,"{""备注"": """", ""萎缩"": ""Atr"", ""小管1"": ""PT""}",COMPLETED,,2025-10-25 17:38:09.788625,2025-10-25 17:38:09.788636
张旭,1742,K2024-4492_fc092eecffc546b88b71f072d281abd7.jpg,830,2025-10-22 17:30:58,COMPLETED,2025-10-25 17:28:18.336709,已标注,"{""备注"": """", ""萎缩"": ""否"", ""小管1"": ""DT""}",COMPLETED,,2025-10-25 17:28:18.331979,2025-10-25 17:28:18.331991
张旭,1743,K2024-3981_ea566693971d47ec91322de014d4c542.jpg,984,2025-10-22 17:30:58,COMPLETED,2025-10-25 17:14:33.322472,已标注,"{""备注"": ""胞浆空亮，管腔大"", ""萎缩"": ""否"", ""小管1"": ""CD""}",COMPLETED,,2025-10-25 17:14:33.317623,2025-10-25 17:14:33.317634
张旭,1745,K2024-3932_de8690239a64464a94463fc7444780d7.jpg,891,2025-10-22 17:30:58,COMPLETED,2025-10-25 17:36:02.921297,已标注,"{""备注"": """", ""萎缩"": ""Atr"", ""小管1"": ""TAL""}",COMPLETED,,2025-10-25 17:36:02.914598,2025-10-25 17:36:02.914613
张旭,1772,K2024-3932_063635402ea8408caeb7c42291f8f17d.jpg,806,2025-10-22 17:30:58,COMPLETED,2025-10-25 17:40:46.858234,已标注,"{""备注"": """", ""萎缩"": ""否"", ""小管1"": ""TAL""}",COMPLETED,,2025-10-25 17:40:46.853018,2025-10-25 17:40:46.853030
张旭,1781,K2024-4466_cfeb6c86130a4e1eb2a847d51f0d044e.jpg,880,2025-10-22 17:30:58,COMPLETED,2025-10-25 17:19:49.855272,已标注,"{""备注"": """", ""萎缩"": ""Atr"", ""小管1"": ""不确定（远曲/原直）""}",COMPLETED,,2025-10-25 17:19:49.850491,2025-10-25 17:19:49.850503
张旭,1784,K2024-3932_06cab71f1b8148adb2e219faeedc0124.jpg,1738,2025-10-25 09:52:35,COMPLETED,2025-10-25 17:27:49.833409,已标注,"{""备注"": ""髓质区"", ""萎缩"": ""Atr"", ""小管1"": ""不确定（远端/集合管）""}",COMPLETED,,2025-10-25 17:27:49.828373,2025-10-25 17:27:49.828384
张旭,1788,K2023-0460_1d55c850c25249cca3466eb8a4cd8742.jpg,876,2025-10-22 17:30:58,COMPLETED,2025-10-25 17:44:29.299873,已标注,"{""备注"": ""髓质区，细胞扁平可能为再生的肾小管，无法判断来源。基底膜轻度增厚，可能有轻度萎缩。"", ""萎缩"": ""不确定"", ""小管1"": ""不确定（远端/集合管）""}",COMPLETED,,2025-10-25 17:44:29.294989,2025-10-25 17:44:29.294999
张旭,1791,K2024-3932_97c23e8a8d1b4bc5a7872df81686e737.jpg,1744,2025-10-25 09:52:35,COMPLETED,2025-10-25 17:48:26.005867,已标注,"{""备注"": """", ""萎缩"": ""否"", ""小管1"": ""CD""}",COMPLETED,,2025-10-25 17:48:26.001344,2025-10-25 17:48:26.001355
张旭,1796,K2023-3949_22a32b13cfd340018a9444b52b1c7692.jpg,1751,2025-10-25 09:52:35,COMPLETED,2025-10-25 17:25:24.668833,已标注,"{""备注"": ""突向腔面；部分细胞扁平，更倾向为髓袢向远直的过渡区域"", ""萎缩"": ""否"", ""小管1"": ""TAL""}",COMPLETED,,2025-10-25 17:25:24.664047,2025-10-25 17:25:24.664058
杨莉,1063,K2024-1824_0db49e5ec6ef4f0a9608b4ce55846f85.jpg,1609,2025-10-25 09:52:35,ASSIGNED,,未标注,,,,,
杨莉,1073,K2024-3446_a7603a6ba11b4c4caaa64244c621be83.jpg,1615,2025-10-25 09:52:35,ASSIGNED,,未标注,,,,,
杨莉,1106,K2024-4492_e557cf5f307d4335a0b48b2ca5c949a1.jpg,1621,2025-10-25 09:52:35,ASSIGNED,,未标注,,,,,
杨莉,1126,K2024-3932_6202409afb6b443ba3efc41ff3d0ac51.jpg,235,2025-10-22 17:30:58,ASSIGNED,,未标注,,,,,
杨莉,1136,K2024-1525_0da4b976383d405bac8993f3b4cc2f69.jpg,326,2025-10-22 17:30:58,ASSIGNED,,未标注,,,,,
杨莉,1156,K2024-3843_b00b37aff8aa4cdfbeddc3def09604f7.jpg,1633,2025-10-25 09:52:35,ASSIGNED,,未标注,,,,,
杨莉,1159,K2024-4538_494a79af55c34ded806c94fa322e078b.jpg,1639,2025-10-25 09:52:35,ASSIGNED,,未标注,,,,,
杨莉,1163,K2024-4538_d05961a2258341bd9a6fe5a59d638d26.jpg,236,2025-10-22 17:30:58,ASSIGNED,,未标注,,,,,
杨莉,1189,K2024-4606_fce09726a296446da2b8140cd8fc1a4a.jpg,1644,2025-10-25 09:52:35,ASSIGNED,,未标注,,,,,
杨莉,1202,K2024-4674_b683f841dff44bbe9ed1c912042a7cd5.jpg,1651,2025-10-25 09:52:35,ASSIGNED,,未标注,,,,,
杨莉,1209,K2024-3446_e58f65720e594c5996b6a3294e88be46.jpg,281,2025-10-22 17:30:58,ASSIGNED,,未标注,,,,,
杨莉,1210,K2024-3932_f1e6089062144dc89e1fb6d8559e8fee.jpg,1657,2025-10-25 09:52:35,ASSIGNED,,未标注,,,,,
杨莉,1217,K2024-3932_b294b38c4f9444de806d5a8871c92561.jpg,219,2025-10-22 17:30:58,ASSIGNED,,未标注,,,,,
杨莉,1232,K2023-1409_b3a4e5c4ea70458bbb54bd4e9d312693.jpg,247,2025-10-22 17:30:58,ASSIGNED,,未标注,,,,,
杨莉,1244,K2024-3383_4a3e28f5d8814e74a646eef7c849a01a.jpg,1662,2025-10-25 09:52:35,ASSIGNED,,未标注,,,,,
杨莉,1250,K2024-4466_e133b671aa5b4c49bab3ad1b67111150.jpg,241,2025-10-22 17:30:58,ASSIGNED,,未标注,,,,,
杨莉,1259,K2024-4606_8d0868c57c7c49cab5b2f919aef748c3.jpg,260,2025-10-22 17:30:58,ASSIGNED,,未标注,,,,,
杨莉,1299,K2024-3045_2d88841142e2422381a778ced7eccb2f.jpg,246,2025-10-22 17:30:58,ASSIGNED,,未标注,,,,,
杨莉,1310,K2024-3379_d9a3c91ec10e4bee869ff1ba0906cc64.jpg,233,2025-10-22 17:30:58,ASSIGNED,,未标注,,,,,
杨莉,1319,K2024-4492_d215467fd69b4cf5b37a0bdcc7b17bed.jpg,271,2025-10-22 17:30:58,ASSIGNED,,未标注,,,,,
杨莉,1360,K2024-3932_fe543d37580a41f3ad9b23a3506b912c.jpg,243,2025-10-22 17:30:58,ASSIGNED,,未标注,,,,,
杨莉,1375,K2024-4538_3cc25331d09b4e618ce25972d8d2269d.jpg,283,2025-10-22 17:30:58,ASSIGNED,,未标注,,,,,
杨莉,1387,K2024-4538_6f9a603bcd1f4be4b53427a3a031f246.jpg,268,2025-10-22 17:30:58,ASSIGNED,,未标注,,,,,
杨莉,1433,K2024-4606_69e9d8aea7bb4b5999f1d1b8a4a9ac62.jpg,1669,2025-10-25 09:52:35,ASSIGNED,,未标注,,,,,
杨莉,1451,K2024-4466_850c4d3ececa4f5496af310248c3c52e.jpg,1675,2025-10-25 09:52:35,ASSIGNED,,未标注,,,,,
杨莉,1485,K2024-4538_ff8aaff1b7b2480da47cff7536f3ebc0.jpg,1682,2025-10-25 09:52:35,ASSIGNED,,未标注,,,,,
杨莉,1503,K2024-4492_dac6e4792ec5445abf67ebd911854e5b.jpg,1689,2025-10-25 09:52:35,ASSIGNED,,未标注,,,,,
杨莉,1541,K2024-3932_b3a797b952e04c4eb54b1dce7f96c064.jpg,1695,2025-10-25 09:52:35,ASSIGNED,,未标注,,,,,
杨莉,1547,K2023-3026_3fd0ed93e74c4e4a829b3f099c1f438f.jpg,1701,2025-10-25 09:52:35,ASSIGNED,,未标注,,,,,
杨莉,1580,K2024-4466_ab10149ff54f428a8b7136489dca142d.jpg,217,2025-10-22 17:30:58,ASSIGNED,,未标注,,,,,
杨莉,1592,K2024-1592_0062fb3ae01041f4a4cf7063c61d4984.jpg,1708,2025-10-25 09:52:35,ASSIGNED,,未标注,,,,,
杨莉,1594,K2024-3981_54477d514e5441d4afab7e3c7f2f3440.jpg,1715,2025-10-25 09:52:35,ASSIGNED,,未标注,,,,,
杨莉,1599,K2023-2593_7b8393751c53406ea422beef03d94c60.jpg,234,2025-10-22 17:30:58,ASSIGNED,,未标注,,,,,
杨莉,1605,K2024-4492_e8fac36d86fd4cc6b49922607f30bb58.jpg,290,2025-10-22 17:30:58,ASSIGNED,,未标注,,,,,
杨莉,1609,K2024-4606_73a06f80b2a14f69a9e4c42bfc1b7b05.jpg,228,2025-10-22 17:30:58,ASSIGNED,,未标注,,,,,
杨莉,1642,K2024-3414_76c158783f614cff896cfea2dc082db1.jpg,229,2025-10-22 17:30:58,ASSIGNED,,未标注,,,,,
杨莉,1644,K2024-4492_8506333418044faba4493543824a16ac.jpg,1721,2025-10-25 09:52:35,ASSIGNED,,未标注,,,,,
杨莉,1666,K2024-4538_59ca42781e0c4992b9109d59b5612bff.jpg,293,2025-10-22 17:30:58,ASSIGNED,,未标注,,,,,
杨莉,1679,K2024-3414_7f5f7c21b4764932b83a70333eba7345.jpg,231,2025-10-22 17:30:58,ASSIGNED,,未标注,,,,,
杨莉,1731,K2024-3932_3bfde2d08bb24bc88eb6af1a0743aa6e.jpg,1727,2025-10-25 09:52:35,ASSIGNED,,未标注,,,,,
杨莉,1741,K2024-3932_f4531f81b99342cd909fd656cb3709d7.jpg,254,2025-10-22 17:30:58,ASSIGNED,,未标注,,,,,
杨莉,1742,K2024-4492_fc092eecffc546b88b71f072d281abd7.jpg,230,2025-10-22 17:30:58,ASSIGNED,,未标注,,,,,
杨莉,1743,K2024-3981_ea566693971d47ec91322de014d4c542.jpg,1733,2025-10-25 09:52:35,ASSIGNED,,未标注,,,,,
杨莉,1745,K2024-3932_de8690239a64464a94463fc7444780d7.jpg,291,2025-10-22 17:30:58,ASSIGNED,,未标注,,,,,
杨莉,1772,K2024-3932_063635402ea8408caeb7c42291f8f17d.jpg,206,2025-10-22 17:30:58,ASSIGNED,,未标注,,,,,
杨莉,1781,K2024-4466_cfeb6c86130a4e1eb2a847d51f0d044e.jpg,280,2025-10-22 17:30:58,ASSIGNED,,未标注,,,,,
杨莉,1784,K2024-3932_06cab71f1b8148adb2e219faeedc0124.jpg,1739,2025-10-25 09:52:35,ASSIGNED,,未标注,,,,,
杨莉,1788,K2023-0460_1d55c850c25249cca3466eb8a4cd8742.jpg,276,2025-10-22 17:30:58,ASSIGNED,,未标注,,,,,
杨莉,1791,K2024-3932_97c23e8a8d1b4bc5a7872df81686e737.jpg,1745,2025-10-25 09:52:35,ASSIGNED,,未标注,,,,,
杨莉,1796,K2023-3949_22a32b13cfd340018a9444b52b1c7692.jpg,1752,2025-10-25 09:52:35,ASSIGNED,,未标注,,,,,
王惠,1063,K2024-1824_0db49e5ec6ef4f0a9608b4ce55846f85.jpg,598,2025-10-22 17:30:58,COMPLETED,2025-10-25 11:48:49.415158,已标注,"{""备注"": """", ""萎缩"": ""否"", ""小管1"": ""CD""}",COMPLETED,,2025-10-23 18:16:31.767214,2025-10-25 11:48:49.410610
王惠,1073,K2024-3446_a7603a6ba11b4c4caaa64244c621be83.jpg,562,2025-10-22 17:30:58,COMPLETED,2025-10-25 11:35:26.295501,已标注,"{""备注"": """", ""萎缩"": ""Atr"", ""小管1"": ""DT""}",COMPLETED,,2025-10-23 19:18:45.271714,2025-10-25 11:35:26.288042
王惠,1106,K2024-4492_e557cf5f307d4335a0b48b2ca5c949a1.jpg,581,2025-10-22 17:30:58,COMPLETED,2025-10-23 18:33:33.258929,已标注,"{""备注"": """", ""萎缩"": ""否"", ""小管1"": ""DT""}",COMPLETED,,2025-10-23 18:33:33.253055,2025-10-23 18:33:33.253065
王惠,1126,K2024-3932_6202409afb6b443ba3efc41ff3d0ac51.jpg,435,2025-10-22 17:30:58,COMPLETED,2025-10-23 19:01:56.608902,已标注,"{""备注"": """", ""萎缩"": ""否"", ""小管1"": ""DT""}",COMPLETED,,2025-10-23 19:01:56.603657,2025-10-23 19:01:56.603668
王惠,1136,K2024-1525_0da4b976383d405bac8993f3b4cc2f69.jpg,531,2025-10-22 17:30:58,COMPLETED,2025-10-25 12:17:12.465044,已标注,"{""备注"": """", ""萎缩"": ""否"", ""小管1"": ""不确定（远端/集合管）""}",COMPLETED,,2025-10-23 19:03:11.756996,2025-10-25 12:17:12.460655
王惠,1156,K2024-3843_b00b37aff8aa4cdfbeddc3def09604f7.jpg,504,2025-10-22 17:30:58,COMPLETED,2025-10-25 12:02:47.384057,已标注,"{""备注"": """", ""萎缩"": ""Atr"", ""小管1"": ""CD""}",COMPLETED,,2025-10-23 19:13:14.580411,2025-10-25 12:02:47.377117
王惠,1159,K2024-4538_494a79af55c34ded806c94fa322e078b.jpg,514,2025-10-22 17:30:58,COMPLETED,2025-10-23 18:04:17.624407,已标注,"{""备注"": """", ""萎缩"": ""否"", ""小管1"": ""PT""}",COMPLETED,,2025-10-23 18:04:17.617415,2025-10-23 18:04:17.617433
王惠,1163,K2024-4538_d05961a2258341bd9a6fe5a59d638d26.jpg,436,2025-10-22 17:30:58,COMPLETED,2025-10-23 19:03:00.988712,已标注,"{""备注"": """", ""萎缩"": ""否"", ""小管1"": ""PT""}",COMPLETED,,2025-10-23 19:03:00.984179,2025-10-23 19:03:00.984189
王惠,1189,K2024-4606_fce09726a296446da2b8140cd8fc1a4a.jpg,558,2025-10-22 17:30:58,COMPLETED,2025-10-23 19:05:49.668833,已标注,"{""备注"": """", ""萎缩"": ""否"", ""小管1"": ""DT""}",COMPLETED,,2025-10-23 19:05:49.664635,2025-10-23 19:05:49.664645
王惠,1202,K2024-4674_b683f841dff44bbe9ed1c912042a7cd5.jpg,543,2025-10-22 17:30:58,COMPLETED,2025-10-25 11:56:28.784723,已标注,"{""备注"": """", ""萎缩"": ""Atr"", ""小管1"": ""不确定（近远）""}",COMPLETED,,2025-10-23 19:04:48.702600,2025-10-25 11:56:28.779376
王惠,1209,K2024-3446_e58f65720e594c5996b6a3294e88be46.jpg,481,2025-10-22 17:30:58,COMPLETED,2025-10-25 12:10:11.539890,已标注,"{""备注"": """", ""萎缩"": ""否"", ""小管1"": ""不确定（远端/集合管）""}",COMPLETED,,2025-10-23 19:15:46.226342,2025-10-25 12:10:11.535281
王惠,1210,K2024-3932_f1e6089062144dc89e1fb6d8559e8fee.jpg,542,2025-10-22 17:30:58,COMPLETED,2025-10-25 11:43:55.044639,已标注,"{""备注"": """", ""萎缩"": ""否"", ""小管1"": ""CD""}",COMPLETED,,2025-10-23 18:17:13.534024,2025-10-25 11:43:55.039763
王惠,1217,K2024-3932_b294b38c4f9444de806d5a8871c92561.jpg,419,2025-10-22 17:30:58,COMPLETED,2025-10-25 12:08:27.178104,已标注,"{""备注"": """", ""萎缩"": ""Atr"", ""小管1"": ""CD""}",COMPLETED,,2025-10-23 18:12:40.617786,2025-10-25 12:08:27.172762
王惠,1232,K2023-1409_b3a4e5c4ea70458bbb54bd4e9d312693.jpg,447,2025-10-22 17:30:58,COMPLETED,2025-10-25 12:19:22.749165,已标注,"{""备注"": """", ""萎缩"": ""否"", ""小管1"": ""PT""}",COMPLETED,,2025-10-23 18:32:36.489117,2025-10-23 18:32:36.489149
王惠,1244,K2024-3383_4a3e28f5d8814e74a646eef7c849a01a.jpg,584,2025-10-22 17:30:58,COMPLETED,2025-10-25 12:18:20.016263,已标注,"{""备注"": """", ""萎缩"": ""否"", ""小管1"": ""DT""}",COMPLETED,,2025-10-23 19:17:39.870059,2025-10-25 12:18:20.011371
王惠,1250,K2024-4466_e133b671aa5b4c49bab3ad1b67111150.jpg,441,2025-10-22 17:30:58,COMPLETED,2025-10-25 11:52:23.763501,已标注,"{""备注"": """", ""萎缩"": ""Atr"", ""小管1"": ""PT""}",COMPLETED,,2025-10-23 18:08:20.257401,2025-10-25 11:52:23.758813
王惠,1259,K2024-4606_8d0868c57c7c49cab5b2f919aef748c3.jpg,460,2025-10-22 17:30:58,COMPLETED,2025-10-23 19:21:23.997884,已标注,"{""备注"": """", ""萎缩"": ""否"", ""小管1"": ""DT""}",COMPLETED,,2025-10-23 19:21:23.987705,2025-10-23 19:21:23.987720
王惠,1299,K2024-3045_2d88841142e2422381a778ced7eccb2f.jpg,446,2025-10-22 17:30:58,COMPLETED,2025-10-25 11:37:31.115555,已标注,"{""备注"": """", ""萎缩"": ""Atr"", ""小管1"": ""TAL""}",COMPLETED,,2025-10-23 19:06:21.909767,2025-10-25 11:37:31.110865
王惠,1310,K2024-3379_d9a3c91ec10e4bee869ff1ba0906cc64.jpg,433,2025-10-22 17:30:58,COMPLETED,2025-10-23 18:36:21.956658,已标注,"{""备注"": """", ""萎缩"": ""否"", ""小管1"": ""TAL""}",COMPLETED,,2025-10-23 18:13:08.660840,2025-10-23 18:36:21.951550
王惠,1319,K2024-4492_d215467fd69b4cf5b37a0bdcc7b17bed.jpg,471,2025-10-22 17:30:58,COMPLETED,2025-10-23 19:14:37.359530,已标注,"{""备注"": """", ""萎缩"": ""否"", ""小管1"": ""PT""}",COMPLETED,,2025-10-23 19:14:37.355027,2025-10-23 19:14:37.355039
王惠,1360,K2024-3932_fe543d37580a41f3ad9b23a3506b912c.jpg,443,2025-10-22 17:30:58,COMPLETED,2025-10-25 11:44:36.442848,已标注,"{""备注"": """", ""萎缩"": ""Atr"", ""小管1"": ""不确定（远端/集合管）""}",COMPLETED,,2025-10-23 19:14:10.379440,2025-10-25 11:44:36.438376
王惠,1375,K2024-4538_3cc25331d09b4e618ce25972d8d2269d.jpg,483,2025-10-22 17:30:58,COMPLETED,2025-10-23 18:06:17.080593,已标注,"{""备注"": """", ""萎缩"": ""否"", ""小管1"": ""PT""}",COMPLETED,,2025-10-23 18:06:17.073379,2025-10-23 18:06:17.073390
王惠,1387,K2024-4538_6f9a603bcd1f4be4b53427a3a031f246.jpg,468,2025-10-22 17:30:58,COMPLETED,2025-10-23 18:13:52.688575,已标注,"{""备注"": """", ""萎缩"": ""否"", ""小管1"": ""PT""}",COMPLETED,,2025-10-23 18:13:52.681849,2025-10-23 18:13:52.681861
王惠,1433,K2024-4606_69e9d8aea7bb4b5999f1d1b8a4a9ac62.jpg,507,2025-10-22 17:30:58,COMPLETED,2025-10-23 18:38:52.668751,已标注,"{""备注"": """", ""萎缩"": ""否"", ""小管1"": ""DT""}",COMPLETED,,2025-10-23 18:10:39.510384,2025-10-23 18:38:52.663976
王惠,1451,K2024-4466_850c4d3ececa4f5496af310248c3c52e.jpg,521,2025-10-22 17:30:58,COMPLETED,2025-10-25 12:14:19.383786,已标注,"{""备注"": """", ""萎缩"": ""Atr"", ""小管1"": ""不确定（远曲/原直）""}",COMPLETED,,2025-10-23 19:01:43.737614,2025-10-25 12:14:19.375411
王惠,1485,K2024-4538_ff8aaff1b7b2480da47cff7536f3ebc0.jpg,551,2025-10-22 17:30:58,COMPLETED,2025-10-23 18:02:45.190415,已标注,"{""备注"": """", ""萎缩"": ""否"", ""小管1"": ""PT""}",COMPLETED,,2025-10-23 18:02:45.183945,2025-10-23 18:02:45.183961
王惠,1503,K2024-4492_dac6e4792ec5445abf67ebd911854e5b.jpg,579,2025-10-22 17:30:58,COMPLETED,2025-10-23 19:04:33.299648,已标注,"{""备注"": """", ""萎缩"": ""否"", ""小管1"": ""DT""}",COMPLETED,,2025-10-23 19:04:33.295488,2025-10-23 19:04:33.295498
王惠,1541,K2024-3932_b3a797b952e04c4eb54b1dce7f96c064.jpg,594,2025-10-22 17:30:58,COMPLETED,2025-10-25 11:40:13.263506,已标注,"{""备注"": """", ""萎缩"": ""Atr"", ""小管1"": ""不确定（远端/集合管）""}",COMPLETED,,2025-10-23 18:58:57.198681,2025-10-25 11:40:13.258786
王惠,1547,K2023-3026_3fd0ed93e74c4e4a829b3f099c1f438f.jpg,567,2025-10-22 17:30:58,COMPLETED,2025-10-25 11:55:52.125830,已标注,"{""备注"": """", ""萎缩"": ""否"", ""小管1"": ""CD""}",COMPLETED,,2025-10-23 18:07:47.841822,2025-10-25 11:55:52.118739
王惠,1580,K2024-4466_ab10149ff54f428a8b7136489dca142d.jpg,417,2025-10-22 17:30:58,COMPLETED,2025-10-25 11:41:14.844847,已标注,"{""备注"": """", ""萎缩"": ""否"", ""小管1"": ""CD""}",COMPLETED,,2025-10-23 18:18:06.645586,2025-10-25 11:41:14.838945
王惠,1592,K2024-1592_0062fb3ae01041f4a4cf7063c61d4984.jpg,595,2025-10-22 17:30:58,COMPLETED,2025-10-23 19:21:35.472114,已标注,"{""备注"": """", ""萎缩"": ""否"", ""小管1"": ""CD""}",COMPLETED,,2025-10-23 19:21:35.466228,2025-10-23 19:21:35.466238
王惠,1594,K2024-3981_54477d514e5441d4afab7e3c7f2f3440.jpg,580,2025-10-22 17:30:58,COMPLETED,2025-10-23 18:32:00.241207,已标注,"{""备注"": """", ""萎缩"": ""否"", ""小管1"": ""CD""}",COMPLETED,,2025-10-23 18:32:00.233364,2025-10-23 18:32:00.233385
王惠,1599,K2023-2593_7b8393751c53406ea422beef03d94c60.jpg,434,2025-10-22 17:30:58,COMPLETED,2025-10-25 12:12:11.088193,已标注,"{""备注"": """", ""萎缩"": ""Atr"", ""小管1"": ""不确定（远曲/原直）""}",COMPLETED,,2025-10-23 18:13:23.720162,2025-10-25 12:12:11.083605
王惠,1605,K2024-4492_e8fac36d86fd4cc6b49922607f30bb58.jpg,490,2025-10-22 17:30:58,COMPLETED,2025-10-25 12:13:51.075819,已标注,"{""备注"": """", ""萎缩"": ""Atr"", ""小管1"": ""不确定（远曲/原直）""}",COMPLETED,,2025-10-23 19:00:27.843863,2025-10-25 12:13:51.071555
王惠,1609,K2024-4606_73a06f80b2a14f69a9e4c42bfc1b7b05.jpg,428,2025-10-22 17:30:58,COMPLETED,2025-10-23 19:20:27.859062,已标注,"{""备注"": """", ""萎缩"": ""否"", ""小管1"": ""TAL""}",COMPLETED,,2025-10-23 19:20:27.854997,2025-10-23 19:20:27.855007
王惠,1642,K2024-3414_76c158783f614cff896cfea2dc082db1.jpg,429,2025-10-22 17:30:58,COMPLETED,2025-10-23 18:14:00.442749,已标注,"{""备注"": """", ""萎缩"": ""否"", ""小管1"": ""CD""}",COMPLETED,,2025-10-23 18:14:00.437247,2025-10-23 18:14:00.437257
王惠,1644,K2024-4492_8506333418044faba4493543824a16ac.jpg,526,2025-10-22 17:30:58,COMPLETED,2025-10-23 19:17:14.442723,已标注,"{""备注"": """", ""萎缩"": ""否"", ""小管1"": ""TAL""}",COMPLETED,,2025-10-23 19:17:14.437773,2025-10-23 19:17:14.437784
王惠,1666,K2024-4538_59ca42781e0c4992b9109d59b5612bff.jpg,493,2025-10-22 17:30:58,COMPLETED,2025-10-23 18:16:38.641522,已标注,"{""备注"": """", ""萎缩"": ""否"", ""小管1"": ""PT""}",COMPLETED,,2025-10-23 18:16:38.631191,2025-10-23 18:16:38.631209
王惠,1679,K2024-3414_7f5f7c21b4764932b83a70333eba7345.jpg,431,2025-10-22 17:30:58,COMPLETED,2025-10-23 18:16:22.628838,已标注,"{""备注"": """", ""萎缩"": ""否"", ""小管1"": ""CD""}",COMPLETED,,2025-10-23 18:16:22.620473,2025-10-23 18:16:22.620494
王惠,1731,K2024-3932_3bfde2d08bb24bc88eb6af1a0743aa6e.jpg,508,2025-10-22 17:30:58,COMPLETED,2025-10-25 11:52:45.094966,已标注,"{""备注"": """", ""萎缩"": ""Atr"", ""小管1"": ""不确定（远端/集合管）""}",COMPLETED,,2025-10-23 18:33:46.973238,2025-10-25 11:52:45.089892
王惠,1741,K2024-3932_f4531f81b99342cd909fd656cb3709d7.jpg,454,2025-10-22 17:30:58,COMPLETED,2025-10-23 18:32:09.675181,已标注,"{""备注"": """", ""萎缩"": ""否"", ""小管1"": ""PT""}",COMPLETED,,2025-10-23 18:32:09.666796,2025-10-23 18:32:09.666809
王惠,1742,K2024-4492_fc092eecffc546b88b71f072d281abd7.jpg,430,2025-10-22 17:30:58,COMPLETED,2025-10-23 18:10:14.587464,已标注,"{""备注"": """", ""萎缩"": ""否"", ""小管1"": ""DT""}",COMPLETED,,2025-10-23 18:10:14.581680,2025-10-23 18:10:14.581689
王惠,1743,K2024-3981_ea566693971d47ec91322de014d4c542.jpg,530,2025-10-22 17:30:58,COMPLETED,2025-10-23 19:21:09.588597,已标注,"{""备注"": """", ""萎缩"": ""否"", ""小管1"": ""CD""}",COMPLETED,,2025-10-23 19:21:09.583848,2025-10-23 19:21:09.583858
王惠,1745,K2024-3932_de8690239a64464a94463fc7444780d7.jpg,491,2025-10-22 17:30:58,COMPLETED,2025-10-25 11:33:27.648680,已标注,"{""备注"": """", ""萎缩"": ""否"", ""小管1"": ""TAL""}",COMPLETED,,2025-10-23 19:02:13.782493,2025-10-25 11:33:27.642599
王惠,1772,K2024-3932_063635402ea8408caeb7c42291f8f17d.jpg,406,2025-10-22 17:30:58,COMPLETED,2025-10-25 11:43:33.623720,已标注,"{""备注"": """", ""萎缩"": ""Atr"", ""小管1"": ""TAL""}",COMPLETED,,2025-10-23 18:11:18.050053,2025-10-25 11:43:33.619060
王惠,1781,K2024-4466_cfeb6c86130a4e1eb2a847d51f0d044e.jpg,480,2025-10-22 17:30:58,COMPLETED,2025-10-23 19:12:30.136877,已标注,"{""备注"": """", ""萎缩"": ""Atr"", ""小管1"": ""PT""}",COMPLETED,,2025-10-23 19:12:30.131609,2025-10-23 19:12:30.131623
王惠,1784,K2024-3932_06cab71f1b8148adb2e219faeedc0124.jpg,533,2025-10-22 17:30:58,COMPLETED,2025-10-25 11:51:55.845311,已标注,"{""备注"": """", ""萎缩"": ""Atr"", ""小管1"": ""不确定（远端/集合管）""}",COMPLETED,,2025-10-23 19:05:56.495668,2025-10-25 11:51:55.840116
王惠,1788,K2023-0460_1d55c850c25249cca3466eb8a4cd8742.jpg,476,2025-10-22 17:30:58,COMPLETED,2025-10-23 18:32:19.476070,已标注,"{""备注"": """", ""萎缩"": ""否"", ""小管1"": ""TAL""}",COMPLETED,,2025-10-23 18:32:19.469788,2025-10-23 18:32:19.469815
王惠,1791,K2024-3932_97c23e8a8d1b4bc5a7872df81686e737.jpg,510,2025-10-22 17:30:58,COMPLETED,2025-10-23 19:01:37.391469,已标注,"{""备注"": """", ""萎缩"": ""否"", ""小管1"": ""CD""}",COMPLETED,,2025-10-23 19:01:37.386452,2025-10-23 19:01:37.386463
王惠,1796,K2023-3949_22a32b13cfd340018a9444b52b1c7692.jpg,539,2025-10-22 17:30:58,COMPLETED,2025-10-23 19:00:03.617390,已标注,"{""备注"": """", ""萎缩"": ""否"", ""小管1"": ""TAL""}",COMPLETED,,2025-10-23 19:00:03.612198,2025-10-23 19:00:03.612208
蒋镭,1063,K2024-1824_0db49e5ec6ef4f0a9608b4ce55846f85.jpg,1610,2025-10-25 09:52:35,COMPLETED,2025-10-25 23:19:59.672354,已标注,"{""备注"": """", ""萎缩"": ""否"", ""小管1"": ""CD""}",COMPLETED,,2025-10-25 23:19:59.668262,2025-10-25 23:19:59.668273
蒋镭,1073,K2024-3446_a7603a6ba11b4c4caaa64244c621be83.jpg,201,2025-10-22 17:30:58,COMPLETED,2025-10-25 23:15:04.686421,已标注,"{""备注"": """", ""萎缩"": ""否"", ""小管1"": ""CD""}",COMPLETED,,2025-10-25 23:15:04.682353,2025-10-25 23:15:04.682363
蒋镭,1106,K2024-4492_e557cf5f307d4335a0b48b2ca5c949a1.jpg,1622,2025-10-25 09:52:35,COMPLETED,2025-10-25 22:40:05.630117,已标注,"{""备注"": """", ""萎缩"": ""否"", ""小管1"": ""CD""}",COMPLETED,,2025-10-25 22:40:05.625443,2025-10-25 22:40:05.625456
蒋镭,1126,K2024-3932_6202409afb6b443ba3efc41ff3d0ac51.jpg,35,2025-10-22 17:30:58,COMPLETED,2025-10-25 23:17:46.462745,已标注,"{""备注"": """", ""萎缩"": ""否"", ""小管1"": ""CD""}",COMPLETED,,2025-10-25 23:17:46.457305,2025-10-25 23:17:46.457314
蒋镭,1136,K2024-1525_0da4b976383d405bac8993f3b4cc2f69.jpg,1628,2025-10-25 09:52:35,COMPLETED,2025-10-25 23:19:09.636753,已标注,"{""备注"": """", ""萎缩"": ""否"", ""小管1"": ""不确定（远端/集合管）""}",COMPLETED,,2025-10-25 23:19:09.632736,2025-10-25 23:19:09.632745
蒋镭,1156,K2024-3843_b00b37aff8aa4cdfbeddc3def09604f7.jpg,151,2025-10-22 17:30:58,COMPLETED,2025-10-25 22:26:22.201894,已标注,"{""备注"": """", ""萎缩"": ""否"", ""小管1"": ""CD""}",COMPLETED,,2025-10-25 22:26:22.197710,2025-10-25 22:26:22.197719
蒋镭,1159,K2024-4538_494a79af55c34ded806c94fa322e078b.jpg,1640,2025-10-25 09:52:35,COMPLETED,2025-10-25 23:18:02.228361,已标注,"{""备注"": """", ""萎缩"": ""否"", ""小管1"": ""PT""}",COMPLETED,,2025-10-25 23:18:02.223903,2025-10-25 23:18:02.223916
蒋镭,1163,K2024-4538_d05961a2258341bd9a6fe5a59d638d26.jpg,36,2025-10-22 17:30:58,COMPLETED,2025-10-25 23:14:44.755276,已标注,"{""备注"": """", ""萎缩"": ""否"", ""小管1"": ""PT""}",COMPLETED,,2025-10-25 23:14:44.751291,2025-10-25 23:14:44.751301
蒋镭,1189,K2024-4606_fce09726a296446da2b8140cd8fc1a4a.jpg,1645,2025-10-25 09:52:35,COMPLETED,2025-10-25 22:27:25.560574,已标注,"{""备注"": """", ""萎缩"": ""否"", ""小管1"": ""CD""}",COMPLETED,,2025-10-25 22:27:25.556137,2025-10-25 22:27:25.556149
蒋镭,1202,K2024-4674_b683f841dff44bbe9ed1c912042a7cd5.jpg,1652,2025-10-25 09:52:35,COMPLETED,2025-10-25 22:27:51.001573,已标注,"{""备注"": """", ""萎缩"": ""Atr"", ""小管1"": ""不确定（近远）""}",COMPLETED,,2025-10-25 22:27:50.997181,2025-10-25 22:27:50.997192
蒋镭,1209,K2024-3446_e58f65720e594c5996b6a3294e88be46.jpg,81,2025-10-22 17:30:58,COMPLETED,2025-10-25 23:10:28.711222,已标注,"{""备注"": """", ""萎缩"": ""否"", ""小管1"": ""CD""}",COMPLETED,,2025-10-25 23:10:28.706257,2025-10-25 23:10:28.706268
蒋镭,1210,K2024-3932_f1e6089062144dc89e1fb6d8559e8fee.jpg,1658,2025-10-25 09:52:35,COMPLETED,2025-10-25 23:21:45.895833,已标注,"{""备注"": """", ""萎缩"": ""否"", ""小管1"": ""CD""}",COMPLETED,,2025-10-25 23:21:45.891874,2025-10-25 23:21:45.891884
蒋镭,1217,K2024-3932_b294b38c4f9444de806d5a8871c92561.jpg,19,2025-10-22 17:30:58,COMPLETED,2025-10-25 22:28:48.566391,已标注,"{""备注"": """", ""萎缩"": ""Atr"", ""小管1"": ""CD""}",COMPLETED,,2025-10-25 22:28:48.561866,2025-10-25 22:28:48.561877
蒋镭,1232,K2023-1409_b3a4e5c4ea70458bbb54bd4e9d312693.jpg,47,2025-10-22 17:30:58,COMPLETED,2025-10-25 23:06:54.674929,已标注,"{""备注"": """", ""萎缩"": ""否"", ""小管1"": ""PT""}",COMPLETED,,2025-10-25 23:06:54.669528,2025-10-25 23:06:54.669538
蒋镭,1244,K2024-3383_4a3e28f5d8814e74a646eef7c849a01a.jpg,1663,2025-10-25 09:52:35,COMPLETED,2025-10-25 22:46:15.351906,已标注,"{""备注"": """", ""萎缩"": ""否"", ""小管1"": ""CD""}",COMPLETED,,2025-10-25 22:46:15.347507,2025-10-25 22:46:15.347518
蒋镭,1250,K2024-4466_e133b671aa5b4c49bab3ad1b67111150.jpg,41,2025-10-22 17:30:58,COMPLETED,2025-10-25 23:21:01.857609,已标注,"{""备注"": """", ""萎缩"": ""否"", ""小管1"": ""PT""}",COMPLETED,,2025-10-25 23:21:01.852535,2025-10-25 23:21:01.852544
蒋镭,1259,K2024-4606_8d0868c57c7c49cab5b2f919aef748c3.jpg,60,2025-10-22 17:30:58,COMPLETED,2025-10-25 23:16:59.725516,已标注,"{""备注"": """", ""萎缩"": ""否"", ""小管1"": ""不确定（远端/集合管）""}",COMPLETED,,2025-10-25 23:16:59.721505,2025-10-25 23:16:59.721515
蒋镭,1299,K2024-3045_2d88841142e2422381a778ced7eccb2f.jpg,46,2025-10-22 17:30:58,COMPLETED,2025-10-25 22:42:13.823049,已标注,"{""备注"": """", ""萎缩"": ""否"", ""小管1"": ""不确定（远曲/原直）""}",COMPLETED,,2025-10-25 22:42:13.818385,2025-10-25 22:42:13.818395
蒋镭,1310,K2024-3379_d9a3c91ec10e4bee869ff1ba0906cc64.jpg,33,2025-10-22 17:30:58,COMPLETED,2025-10-25 23:21:25.922492,已标注,"{""备注"": """", ""萎缩"": ""否"", ""小管1"": ""CD""}",COMPLETED,,2025-10-25 23:21:25.918317,2025-10-25 23:21:25.918326
蒋镭,1319,K2024-4492_d215467fd69b4cf5b37a0bdcc7b17bed.jpg,71,2025-10-22 17:30:58,COMPLETED,2025-10-25 23:07:32.041237,已标注,"{""备注"": """", ""萎缩"": ""否"", ""小管1"": ""PT""}",COMPLETED,,2025-10-25 23:07:32.037377,2025-10-25 23:07:32.037388
蒋镭,1360,K2024-3932_fe543d37580a41f3ad9b23a3506b912c.jpg,43,2025-10-22 17:30:58,COMPLETED,2025-10-25 23:09:00.871109,已标注,"{""备注"": ""挤压造成变形过度"", ""萎缩"": ""Atr"", ""小管1"": ""不确定（近远）""}",COMPLETED,,2025-10-25 23:09:00.866642,2025-10-25 23:09:00.866654
蒋镭,1375,K2024-4538_3cc25331d09b4e618ce25972d8d2269d.jpg,83,2025-10-22 17:30:58,COMPLETED,2025-10-25 23:21:31.477187,已标注,"{""备注"": """", ""萎缩"": ""否"", ""小管1"": ""PT""}",COMPLETED,,2025-10-25 23:21:31.473001,2025-10-25 23:21:31.473012
蒋镭,1387,K2024-4538_6f9a603bcd1f4be4b53427a3a031f246.jpg,68,2025-10-22 17:30:58,COMPLETED,2025-10-25 23:07:39.694076,已标注,"{""备注"": """", ""萎缩"": ""否"", ""小管1"": ""PT""}",COMPLETED,,2025-10-25 23:07:39.688552,2025-10-25 23:07:39.688563
蒋镭,1433,K2024-4606_69e9d8aea7bb4b5999f1d1b8a4a9ac62.jpg,194,2025-10-22 17:30:58,COMPLETED,2025-10-25 23:14:34.216488,已标注,"{""备注"": """", ""萎缩"": ""否"", ""小管1"": ""不确定（远端/集合管）""}",COMPLETED,,2025-10-25 23:14:34.212386,2025-10-25 23:14:34.212396
蒋镭,1451,K2024-4466_850c4d3ececa4f5496af310248c3c52e.jpg,1676,2025-10-25 09:52:35,COMPLETED,2025-10-25 23:17:55.707041,已标注,"{""备注"": """", ""萎缩"": ""否"", ""小管1"": ""TAL""}",COMPLETED,,2025-10-25 23:17:55.703286,2025-10-25 23:17:55.703296
蒋镭,1485,K2024-4538_ff8aaff1b7b2480da47cff7536f3ebc0.jpg,1683,2025-10-25 09:52:35,COMPLETED,2025-10-25 22:22:56.451443,已标注,"{""备注"": """", ""萎缩"": ""否"", ""小管1"": ""PT""}",COMPLETED,,2025-10-25 22:22:56.446237,2025-10-25 22:22:56.446252
蒋镭,1503,K2024-4492_dac6e4792ec5445abf67ebd911854e5b.jpg,1690,2025-10-25 09:52:35,COMPLETED,2025-10-25 23:00:06.299309,已标注,"{""备注"": """", ""萎缩"": ""不确定"", ""小管1"": ""不确定（远端/集合管）""}",COMPLETED,,2025-10-25 23:00:06.295079,2025-10-25 23:00:06.295089
蒋镭,1541,K2024-3932_b3a797b952e04c4eb54b1dce7f96c064.jpg,1696,2025-10-25 09:52:35,COMPLETED,2025-10-25 23:08:00.796310,已标注,"{""备注"": """", ""萎缩"": ""Atr"", ""小管1"": ""不确定（近远）""}",COMPLETED,,2025-10-25 23:08:00.792416,2025-10-25 23:08:00.792426
蒋镭,1547,K2023-3026_3fd0ed93e74c4e4a829b3f099c1f438f.jpg,1702,2025-10-25 09:52:35,COMPLETED,2025-10-25 23:17:27.305943,已标注,"{""备注"": """", ""萎缩"": ""否"", ""小管1"": ""CD""}",COMPLETED,,2025-10-25 23:17:27.301649,2025-10-25 23:17:27.301659
蒋镭,1580,K2024-4466_ab10149ff54f428a8b7136489dca142d.jpg,17,2025-10-22 17:30:58,COMPLETED,2025-10-25 22:27:02.869179,已标注,"{""备注"": """", ""萎缩"": ""否"", ""小管1"": ""CD""}",COMPLETED,,2025-10-25 22:27:02.864908,2025-10-25 22:27:02.864920
蒋镭,1592,K2024-1592_0062fb3ae01041f4a4cf7063c61d4984.jpg,1709,2025-10-25 09:52:35,COMPLETED,2025-10-25 23:12:51.823102,已标注,"{""备注"": """", ""萎缩"": ""否"", ""小管1"": ""CD""}",COMPLETED,,2025-10-25 23:12:51.818831,2025-10-25 23:12:51.818845
蒋镭,1594,K2024-3981_54477d514e5441d4afab7e3c7f2f3440.jpg,190,2025-10-22 17:30:58,COMPLETED,2025-10-25 23:00:26.738728,已标注,"{""备注"": """", ""萎缩"": ""否"", ""小管1"": ""CD""}",COMPLETED,,2025-10-25 23:00:26.734586,2025-10-25 23:00:26.734598
蒋镭,1599,K2023-2593_7b8393751c53406ea422beef03d94c60.jpg,34,2025-10-22 17:30:58,COMPLETED,2025-10-25 22:50:42.689294,已标注,"{""备注"": """", ""萎缩"": ""不确定"", ""小管1"": ""TAL""}",COMPLETED,,2025-10-25 22:50:42.685244,2025-10-25 22:50:42.685255
蒋镭,1605,K2024-4492_e8fac36d86fd4cc6b49922607f30bb58.jpg,90,2025-10-22 17:30:58,COMPLETED,2025-10-25 22:22:32.492084,已标注,"{""备注"": """", ""萎缩"": ""否"", ""小管1"": ""TAL""}",COMPLETED,,2025-10-25 22:22:32.487076,2025-10-25 22:22:32.487088
蒋镭,1609,K2024-4606_73a06f80b2a14f69a9e4c42bfc1b7b05.jpg,28,2025-10-22 17:30:58,COMPLETED,2025-10-25 22:38:23.752319,已标注,"{""备注"": """", ""萎缩"": ""否"", ""小管1"": ""TAL""}",COMPLETED,,2025-10-25 22:38:23.747540,2025-10-25 22:38:23.747552
蒋镭,1642,K2024-3414_76c158783f614cff896cfea2dc082db1.jpg,29,2025-10-22 17:30:58,COMPLETED,2025-10-25 23:06:19.674069,已标注,"{""备注"": """", ""萎缩"": ""否"", ""小管1"": ""不确定（远端/集合管）""}",COMPLETED,,2025-10-25 23:06:19.669905,2025-10-25 23:06:19.669938
蒋镭,1644,K2024-4492_8506333418044faba4493543824a16ac.jpg,1722,2025-10-25 09:52:35,COMPLETED,2025-10-25 23:20:45.812907,已标注,"{""备注"": """", ""萎缩"": ""否"", ""小管1"": ""TAL""}",COMPLETED,,2025-10-25 23:20:45.808681,2025-10-25 23:20:45.808695
蒋镭,1666,K2024-4538_59ca42781e0c4992b9109d59b5612bff.jpg,93,2025-10-22 17:30:58,COMPLETED,2025-10-25 23:14:50.800867,已标注,"{""备注"": """", ""萎缩"": ""否"", ""小管1"": ""PT""}",COMPLETED,,2025-10-25 23:14:50.797014,2025-10-25 23:14:50.797024
蒋镭,1679,K2024-3414_7f5f7c21b4764932b83a70333eba7345.jpg,31,2025-10-22 17:30:58,COMPLETED,2025-10-25 23:10:04.672911,已标注,"{""备注"": """", ""萎缩"": ""否"", ""小管1"": ""DT""}",COMPLETED,,2025-10-25 23:10:04.667832,2025-10-25 23:10:04.667842
蒋镭,1731,K2024-3932_3bfde2d08bb24bc88eb6af1a0743aa6e.jpg,1728,2025-10-25 09:52:35,COMPLETED,2025-10-25 23:15:45.431163,已标注,"{""备注"": ""髓质，细段？"", ""萎缩"": ""Atr"", ""小管1"": ""不确定（近远）""}",COMPLETED,,2025-10-25 23:15:45.426296,2025-10-25 23:15:45.426308
蒋镭,1741,K2024-3932_f4531f81b99342cd909fd656cb3709d7.jpg,54,2025-10-22 17:30:58,COMPLETED,2025-10-25 23:00:16.021332,已标注,"{""备注"": """", ""萎缩"": ""否"", ""小管1"": ""PT""}",COMPLETED,,2025-10-25 23:00:16.016938,2025-10-25 23:00:16.016948
蒋镭,1742,K2024-4492_fc092eecffc546b88b71f072d281abd7.jpg,30,2025-10-22 17:30:58,COMPLETED,2025-10-25 23:13:37.526699,已标注,"{""备注"": """", ""萎缩"": ""否"", ""小管1"": ""CD""}",COMPLETED,,2025-10-25 23:13:37.522247,2025-10-25 23:13:37.522261
蒋镭,1743,K2024-3981_ea566693971d47ec91322de014d4c542.jpg,1734,2025-10-25 09:52:35,COMPLETED,2025-10-25 22:38:43.563756,已标注,"{""备注"": """", ""萎缩"": ""否"", ""小管1"": ""CD""}",COMPLETED,,2025-10-25 22:38:43.558815,2025-10-25 22:38:43.558825
蒋镭,1745,K2024-3932_de8690239a64464a94463fc7444780d7.jpg,91,2025-10-22 17:30:58,COMPLETED,2025-10-25 23:11:21.828458,已标注,"{""备注"": """", ""萎缩"": ""否"", ""小管1"": ""TAL""}",COMPLETED,,2025-10-25 23:11:21.824303,2025-10-25 23:11:21.824313
蒋镭,1772,K2024-3932_063635402ea8408caeb7c42291f8f17d.jpg,6,2025-10-22 17:30:58,COMPLETED,2025-10-25 22:39:58.304563,已标注,"{""备注"": """", ""萎缩"": ""否"", ""小管1"": ""TAL""}",COMPLETED,,2025-10-25 22:39:58.299580,2025-10-25 22:39:58.299591
蒋镭,1781,K2024-4466_cfeb6c86130a4e1eb2a847d51f0d044e.jpg,80,2025-10-22 17:30:58,COMPLETED,2025-10-25 23:20:22.004989,已标注,"{""备注"": """", ""萎缩"": ""Atr"", ""小管1"": ""PT""}",COMPLETED,,2025-10-25 23:20:22.000763,2025-10-25 23:20:22.000772
蒋镭,1784,K2024-3932_06cab71f1b8148adb2e219faeedc0124.jpg,1740,2025-10-25 09:52:35,COMPLETED,2025-10-25 23:01:12.170263,已标注,"{""备注"": """", ""萎缩"": ""Atr"", ""小管1"": ""不确定（近远）""}",COMPLETED,,2025-10-25 23:01:12.166416,2025-10-25 23:01:12.166427
蒋镭,1788,K2023-0460_1d55c850c25249cca3466eb8a4cd8742.jpg,76,2025-10-22 17:30:58,COMPLETED,2025-10-25 22:37:45.082371,已标注,"{""备注"": """", ""萎缩"": ""否"", ""小管1"": ""不确定（近远）""}",COMPLETED,,2025-10-25 22:37:45.077822,2025-10-25 22:37:45.077834
蒋镭,1791,K2024-3932_97c23e8a8d1b4bc5a7872df81686e737.jpg,1746,2025-10-25 09:52:35,COMPLETED,2025-10-25 23:07:48.168122,已标注,"{""备注"": """", ""萎缩"": ""否"", ""小管1"": ""CD""}",COMPLETED,,2025-10-25 23:07:48.163885,2025-10-25 23:07:48.163896
蒋镭,1796,K2023-3949_22a32b13cfd340018a9444b52b1c7692.jpg,1753,2025-10-25 09:52:35,COMPLETED,2025-10-25 23:24:05.408140,已标注,"{""备注"": ""UMOD染色有问题？"", ""萎缩"": ""否"", ""小管1"": ""TAL""}",COMPLETED,,2025-10-25 23:22:25.693163,2025-10-25 23:23:59.359023
