id,filename,original_name,file_path,file_size,mime_type,created_at,if_label,model1,predict_label,predict_confidence,first_train_label,test_label,pas_conf,folder,image_class,reid,crop_x,crop_y,crop_width,crop_height,upload_by,label_config_id,喻小娟_小管类型,喻小娟_萎缩,喻小娟_备注,喻小娟_标注状态,喻小娟_完整标注,张旭_小管类型,张旭_萎缩,张旭_备注,张旭_标注状态,张旭_完整标注,王惠_小管类型,王惠_萎缩,王惠_备注,王惠_标注状态,王惠_完整标注,蒋镭_小管类型,蒋镭_萎缩,蒋镭_备注,蒋镭_标注状态,蒋镭_完整标注,标注人数,小管类型一致,小管类型分布,多数小管类型,萎缩一致,萎缩分布,多数萎缩判断
1063,K2024-1824_0db49e5ec6ef4f0a9608b4ce55846f85.jpg,K2024-1824_0db49e5ec6ef4f0a9608b4ce55846f85.jpg,/api/files/K2024-1824_0db49e5ec6ef4f0a9608b4ce55846f85.jpg,783303,image/jpeg,2025-09-29 08:46:35.806652,DT,CD,DT,0.999964952468872,DT,DT,0.89334482,DT_CD,"PanCK+,PNA+,AQP1-,UMOD-,Cd31-,AQP2-,SLC8A1-,LRP2-",K2024-1824_0db49e5ec6ef4f0a9608b4ce55846f85.jpg,,,,,1,2,TAL,否,,COMPLETED,小管:TAL|萎缩:否,CD,否,,COMPLETED,小管:CD|萎缩:否,CD,否,,COMPLETED,小管:CD|萎缩:否,CD,否,,COMPLETED,小管:CD|萎缩:否,4,否,"CD(3), TAL(1)",CD,是,否(4),否
1073,K2024-3446_a7603a6ba11b4c4caaa64244c621be83.jpg,K2024-3446_a7603a6ba11b4c4caaa64244c621be83.jpg,/api/files/K2024-3446_a7603a6ba11b4c4caaa64244c621be83.jpg,578091,image/jpeg,2025-09-29 08:46:54.846862,DT,CD,DT,0.9999998807907104,DT,DT,0.627354264,DT_CD,"PanCK+,PNA+,AQP1-,UMOD-,Cd31-,AQP2-,SLC8A1-,LRP2-",K2024-3446_a7603a6ba11b4c4caaa64244c621be83.jpg,,,,,1,2,CD,否,,COMPLETED,小管:CD|萎缩:否,TAL,否,,COMPLETED,小管:TAL|萎缩:否,DT,Atr,,COMPLETED,小管:DT|萎缩:Atr,CD,否,,COMPLETED,小管:CD|萎缩:否,4,否,"CD(2), TAL(1), DT(1)",CD,否,"否(3), Atr(1)",否
1106,K2024-4492_e557cf5f307d4335a0b48b2ca5c949a1.jpg,K2024-4492_e557cf5f307d4335a0b48b2ca5c949a1.jpg,/api/files/K2024-4492_e557cf5f307d4335a0b48b2ca5c949a1.jpg,660582,image/jpeg,2025-09-29 08:47:28.119228,DT,PT,DT,0.9999980926513672,DT,CD,0.999506116,DT_PT,"PanCK+,PNA+,AQP1-,UMOD-,Cd31-,AQP2-,SLC8A1-,LRP2-",K2024-4492_e557cf5f307d4335a0b48b2ca5c949a1.jpg,,,,,1,2,CD,否,,COMPLETED,小管:CD|萎缩:否,DT,否,,COMPLETED,小管:DT|萎缩:否,DT,否,,COMPLETED,小管:DT|萎缩:否,CD,否,,COMPLETED,小管:CD|萎缩:否,4,否,"CD(2), DT(2)",CD,是,否(4),否
1126,K2024-3932_6202409afb6b443ba3efc41ff3d0ac51.jpg,K2024-3932_6202409afb6b443ba3efc41ff3d0ac51.jpg,/api/files/K2024-3932_6202409afb6b443ba3efc41ff3d0ac51.jpg,708669,image/jpeg,2025-09-29 08:47:06.938995,DT,CD,DT,0.9999998807907104,DT,DT,0.971364081,DT_CD,"PanCK+,PNA+,AQP1-,UMOD-,Cd31-,AQP2-,SLC8A1-,LRP2-",K2024-3932_6202409afb6b443ba3efc41ff3d0ac51.jpg,,,,,1,2,CD,否,,COMPLETED,小管:CD|萎缩:否,DT,否,,COMPLETED,小管:DT|萎缩:否,DT,否,,COMPLETED,小管:DT|萎缩:否,CD,否,,COMPLETED,小管:CD|萎缩:否,4,否,"CD(2), DT(2)",CD,是,否(4),否
1136,K2024-1525_0da4b976383d405bac8993f3b4cc2f69.jpg,K2024-1525_0da4b976383d405bac8993f3b4cc2f69.jpg,/api/files/K2024-1525_0da4b976383d405bac8993f3b4cc2f69.jpg,1034934,image/jpeg,2025-09-29 08:46:14.578419,CD,PT,CD,0.9999934434890748,CD,CD,0.997979701,CD_PT,"PanCK+,PNA+,AQP2+,AQP1-,UMOD-,Cd31-,SLC8A1-,LRP2-",K2024-1525_0da4b976383d405bac8993f3b4cc2f69.jpg,,,,,1,2,不确定（远端/集合管）,否,,COMPLETED,小管:不确定（远端/集合管）|萎缩:否,不确定（远曲/原直）,否,,COMPLETED,小管:不确定（远曲/原直）|萎缩:否,不确定（远端/集合管）,否,,COMPLETED,小管:不确定（远端/集合管）|萎缩:否,不确定（远端/集合管）,否,,COMPLETED,小管:不确定（远端/集合管）|萎缩:否,4,否,"不确定（远端/集合管）(3), 不确定（远曲/原直）(1)",不确定（远端/集合管）,是,否(4),否
1156,K2024-3843_b00b37aff8aa4cdfbeddc3def09604f7.jpg,K2024-3843_b00b37aff8aa4cdfbeddc3def09604f7.jpg,/api/files/K2024-3843_b00b37aff8aa4cdfbeddc3def09604f7.jpg,788966,image/jpeg,2025-09-29 08:46:57.322889,DT,CD,DT,0.999992847442627,DT,DT,0.676195383,DT_CD,"PanCK+,PNA+,AQP1-,UMOD-,Cd31-,AQP2-,SLC8A1-,LRP2-",K2024-3843_b00b37aff8aa4cdfbeddc3def09604f7.jpg,,,,,1,2,DT,否,,COMPLETED,小管:DT|萎缩:否,DT,Atr,,COMPLETED,小管:DT|萎缩:Atr,CD,Atr,,COMPLETED,小管:CD|萎缩:Atr,CD,否,,COMPLETED,小管:CD|萎缩:否,4,否,"DT(2), CD(2)",DT,否,"否(2), Atr(2)",否
1159,K2024-4538_494a79af55c34ded806c94fa322e078b.jpg,K2024-4538_494a79af55c34ded806c94fa322e078b.jpg,/api/files/K2024-4538_494a79af55c34ded806c94fa322e078b.jpg,792788,image/jpeg,2025-09-29 08:47:56.351538,DT,PT,DT,0.9838256239891052,DT,DT,0.990881085,DT_PT,"PanCK+,PNA+,AQP1-,UMOD-,Cd31-,AQP2-,SLC8A1-,LRP2-",K2024-4538_494a79af55c34ded806c94fa322e078b.jpg,,,,,1,2,PT,否,,COMPLETED,小管:PT|萎缩:否,PT,否,,COMPLETED,小管:PT|萎缩:否,PT,否,,COMPLETED,小管:PT|萎缩:否,PT,否,,COMPLETED,小管:PT|萎缩:否,4,是,PT(4),PT,是,否(4),否
1163,K2024-4538_d05961a2258341bd9a6fe5a59d638d26.jpg,K2024-4538_d05961a2258341bd9a6fe5a59d638d26.jpg,/api/files/K2024-4538_d05961a2258341bd9a6fe5a59d638d26.jpg,980153,image/jpeg,2025-09-29 08:48:28.307889,DT,PT,DT,0.9999748468399048,DT,DT,0.995512068,DT_PT,"PanCK+,PNA+,AQP1-,UMOD-,Cd31-,AQP2-,SLC8A1-,LRP2-",K2024-4538_d05961a2258341bd9a6fe5a59d638d26.jpg,,,,,1,2,PT,否,,COMPLETED,小管:PT|萎缩:否,PT,否,ATI,COMPLETED,小管:PT|萎缩:否|备注:ATI,PT,否,,COMPLETED,小管:PT|萎缩:否,PT,否,,COMPLETED,小管:PT|萎缩:否,4,是,PT(4),PT,是,否(4),否
1189,K2024-4606_fce09726a296446da2b8140cd8fc1a4a.jpg,K2024-4606_fce09726a296446da2b8140cd8fc1a4a.jpg,/api/files/K2024-4606_fce09726a296446da2b8140cd8fc1a4a.jpg,717560,image/jpeg,2025-09-29 08:46:04.798311,CD,DT,CD,0.9999873638153076,CD,CD,0.94900316,CD_DT,"PanCK+,PNA+,AQP2+,AQP1-,UMOD-,Cd31-,SLC8A1-,LRP2-",K2024-4606_fce09726a296446da2b8140cd8fc1a4a.jpg,,,,,1,2,DT,否,,COMPLETED,小管:DT|萎缩:否,DT,否,,COMPLETED,小管:DT|萎缩:否,DT,否,,COMPLETED,小管:DT|萎缩:否,CD,否,,COMPLETED,小管:CD|萎缩:否,4,否,"DT(3), CD(1)",DT,是,否(4),否
1202,K2024-4674_b683f841dff44bbe9ed1c912042a7cd5.jpg,K2024-4674_b683f841dff44bbe9ed1c912042a7cd5.jpg,/api/files/K2024-4674_b683f841dff44bbe9ed1c912042a7cd5.jpg,636399,image/jpeg,2025-09-29 08:48:00.723586,PT,DT,PT,0.9999630451202391,PT,PT,0.640440583,PT_DT,"PanCK+,AQP1+,PNA-,UMOD-,Cd31-,AQP2-,SLC8A1-,LRP2-",K2024-4674_b683f841dff44bbe9ed1c912042a7cd5.jpg,,,,,1,2,不确定（近远）,Atr,,COMPLETED,小管:不确定（近远）|萎缩:Atr,PT,Atr,结合背景位置，刷毛缘,COMPLETED,小管:PT|萎缩:Atr|备注:结合背景位置，刷毛缘,不确定（近远）,Atr,,COMPLETED,小管:不确定（近远）|萎缩:Atr,不确定（近远）,Atr,,COMPLETED,小管:不确定（近远）|萎缩:Atr,4,否,"不确定（近远）(3), PT(1)",不确定（近远）,是,Atr(4),Atr
1209,K2024-3446_e58f65720e594c5996b6a3294e88be46.jpg,K2024-3446_e58f65720e594c5996b6a3294e88be46.jpg,/api/files/K2024-3446_e58f65720e594c5996b6a3294e88be46.jpg,604425,image/jpeg,2025-09-29 08:46:55.766872,DT,CD,DT,0.999975323677063,DT,DT,0.995136917,DT_CD,"PanCK+,PNA+,AQP1-,UMOD-,Cd31-,AQP2-,SLC8A1-,LRP2-",K2024-3446_e58f65720e594c5996b6a3294e88be46.jpg,,,,,1,2,CD,否,,COMPLETED,小管:CD|萎缩:否,CD,Atr,,COMPLETED,小管:CD|萎缩:Atr,不确定（远端/集合管）,否,,COMPLETED,小管:不确定（远端/集合管）|萎缩:否,CD,否,,COMPLETED,小管:CD|萎缩:否,4,否,"CD(3), 不确定（远端/集合管）(1)",CD,否,"否(3), Atr(1)",否
1210,K2024-3932_f1e6089062144dc89e1fb6d8559e8fee.jpg,K2024-3932_f1e6089062144dc89e1fb6d8559e8fee.jpg,/api/files/K2024-3932_f1e6089062144dc89e1fb6d8559e8fee.jpg,713989,image/jpeg,2025-09-29 08:47:12.091052,DT,CD,DT,0.9999669790267944,DT,DT,0.991692424,DT_CD,"PanCK+,PNA+,AQP1-,UMOD-,Cd31-,AQP2-,SLC8A1-,LRP2-",K2024-3932_f1e6089062144dc89e1fb6d8559e8fee.jpg,,,,,1,2,CD,否,,COMPLETED,小管:CD|萎缩:否,CD,Atr,,COMPLETED,小管:CD|萎缩:Atr,CD,否,,COMPLETED,小管:CD|萎缩:否,CD,否,,COMPLETED,小管:CD|萎缩:否,4,是,CD(4),CD,否,"否(3), Atr(1)",否
1217,K2024-3932_b294b38c4f9444de806d5a8871c92561.jpg,K2024-3932_b294b38c4f9444de806d5a8871c92561.jpg,/api/files/K2024-3932_b294b38c4f9444de806d5a8871c92561.jpg,720951,image/jpeg,2025-09-29 08:47:07.667003,DT,CD,DT,1.0,DT,DT,0.614677608,DT_CD,"PanCK+,PNA+,AQP1-,UMOD-,Cd31-,AQP2-,SLC8A1-,LRP2-",K2024-3932_b294b38c4f9444de806d5a8871c92561.jpg,,,,,1,2,不确定（远端/集合管）,否,,COMPLETED,小管:不确定（远端/集合管）|萎缩:否,DT,Atr,,COMPLETED,小管:DT|萎缩:Atr,CD,Atr,,COMPLETED,小管:CD|萎缩:Atr,CD,Atr,,COMPLETED,小管:CD|萎缩:Atr,4,否,"CD(2), 不确定（远端/集合管）(1), DT(1)",CD,否,"Atr(3), 否(1)",Atr
1232,K2023-1409_b3a4e5c4ea70458bbb54bd4e9d312693.jpg,K2023-1409_b3a4e5c4ea70458bbb54bd4e9d312693.jpg,/api/files/K2023-1409_b3a4e5c4ea70458bbb54bd4e9d312693.jpg,750921,image/jpeg,2025-09-29 08:43:33.776649,PT,CD,PT,1.0,PT,PT,0.5451805,DT_CD,"PanCK+,AQP1+,PNA-,UMOD-,Cd31-,AQP2-,SLC8A1-,LRP2-",K2023-1409_b3a4e5c4ea70458bbb54bd4e9d312693.jpg,,,,,1,2,PT,否,,COMPLETED,小管:PT|萎缩:否,不确定（远端/集合管）,否,细胞水肿，不确定，但肯定不是近端,COMPLETED,小管:不确定（远端/集合管）|萎缩:否|备注:细胞水肿，不确定，但肯定不是近端,PT,否,,COMPLETED,小管:PT|萎缩:否,PT,否,,COMPLETED,小管:PT|萎缩:否,4,否,"PT(3), 不确定（远端/集合管）(1)",PT,是,否(4),否
1244,K2024-3383_4a3e28f5d8814e74a646eef7c849a01a.jpg,K2024-3383_4a3e28f5d8814e74a646eef7c849a01a.jpg,/api/files/K2024-3383_4a3e28f5d8814e74a646eef7c849a01a.jpg,634414,image/jpeg,2025-09-29 08:46:43.430736,DT,CD,DT,0.9999885559082032,DT,DT,0.899617851,DT_CD,"PanCK+,PNA+,AQP1-,UMOD-,Cd31-,AQP2-,SLC8A1-,LRP2-",K2024-3383_4a3e28f5d8814e74a646eef7c849a01a.jpg,,,,,1,2,DT,否,,COMPLETED,小管:DT|萎缩:否,DT,否,,COMPLETED,小管:DT|萎缩:否,DT,否,,COMPLETED,小管:DT|萎缩:否,CD,否,,COMPLETED,小管:CD|萎缩:否,4,否,"DT(3), CD(1)",DT,是,否(4),否
1250,K2024-4466_e133b671aa5b4c49bab3ad1b67111150.jpg,K2024-4466_e133b671aa5b4c49bab3ad1b67111150.jpg,/api/files/K2024-4466_e133b671aa5b4c49bab3ad1b67111150.jpg,678073,image/jpeg,2025-09-29 08:47:38.587343,PT,DT,PT,1.0,PT,PT,0.559478998,PT_DT,"PanCK+,AQP1+,LRP2+,PNA-,UMOD-,Cd31-,AQP2-,SLC8A1-",K2024-4466_e133b671aa5b4c49bab3ad1b67111150.jpg,,,,,1,2,TAL,否,,COMPLETED,小管:TAL|萎缩:否,TAL,Atr,,COMPLETED,小管:TAL|萎缩:Atr,PT,Atr,,COMPLETED,小管:PT|萎缩:Atr,PT,否,,COMPLETED,小管:PT|萎缩:否,4,否,"TAL(2), PT(2)",TAL,否,"否(2), Atr(2)",否
1259,K2024-4606_8d0868c57c7c49cab5b2f919aef748c3.jpg,K2024-4606_8d0868c57c7c49cab5b2f919aef748c3.jpg,/api/files/K2024-4606_8d0868c57c7c49cab5b2f919aef748c3.jpg,821879,image/jpeg,2025-09-29 08:46:00.558264,CD,DT,CD,1.0,CD,CD,0.787553072,CD_DT,"PanCK+,PNA+,AQP2+,AQP1-,UMOD-,Cd31-,SLC8A1-,LRP2-",K2024-4606_8d0868c57c7c49cab5b2f919aef748c3.jpg,,,,,1,2,DT,否,,COMPLETED,小管:DT|萎缩:否,DT,否,,COMPLETED,小管:DT|萎缩:否,DT,否,,COMPLETED,小管:DT|萎缩:否,不确定（远端/集合管）,否,,COMPLETED,小管:不确定（远端/集合管）|萎缩:否,4,否,"DT(3), 不确定（远端/集合管）(1)",DT,是,否(4),否
1299,K2024-3045_2d88841142e2422381a778ced7eccb2f.jpg,K2024-3045_2d88841142e2422381a778ced7eccb2f.jpg,/api/files/K2024-3045_2d88841142e2422381a778ced7eccb2f.jpg,665768,image/jpeg,2025-09-29 08:47:06.198987,DT,Thin,DT,0.9999520778656006,DT,DT,0.464847118,DT_Thin,"PanCK+,PNA+,AQP1-,UMOD-,Cd31-,AQP2-,SLC8A1-,LRP2-",K2024-3045_2d88841142e2422381a778ced7eccb2f.jpg,,,,,1,2,DT,否,,COMPLETED,小管:DT|萎缩:否,TAL,否,,COMPLETED,小管:TAL|萎缩:否,TAL,Atr,,COMPLETED,小管:TAL|萎缩:Atr,不确定（远曲/原直）,否,,COMPLETED,小管:不确定（远曲/原直）|萎缩:否,4,否,"TAL(2), DT(1), 不确定（远曲/原直）(1)",TAL,否,"否(3), Atr(1)",否
1310,K2024-3379_d9a3c91ec10e4bee869ff1ba0906cc64.jpg,K2024-3379_d9a3c91ec10e4bee869ff1ba0906cc64.jpg,/api/files/K2024-3379_d9a3c91ec10e4bee869ff1ba0906cc64.jpg,984151,image/jpeg,2025-09-29 08:45:54.038193,CD,DT,CD,0.9999940395355223,CD,CD,0.990724504,CD_DT,"PanCK+,PNA+,AQP2+,AQP1-,UMOD-,Cd31-,SLC8A1-,LRP2-",K2024-3379_d9a3c91ec10e4bee869ff1ba0906cc64.jpg,,,,,1,2,DT,否,,COMPLETED,小管:DT|萎缩:否,DT,否,,COMPLETED,小管:DT|萎缩:否,TAL,否,,COMPLETED,小管:TAL|萎缩:否,CD,否,,COMPLETED,小管:CD|萎缩:否,4,否,"DT(2), TAL(1), CD(1)",DT,是,否(4),否
1319,K2024-4492_d215467fd69b4cf5b37a0bdcc7b17bed.jpg,K2024-4492_d215467fd69b4cf5b37a0bdcc7b17bed.jpg,/api/files/K2024-4492_d215467fd69b4cf5b37a0bdcc7b17bed.jpg,949968,image/jpeg,2025-09-29 08:47:26.283208,DT,PT,DT,0.9999982118606568,DT,DT,0.974073946,DT_PT,"PanCK+,PNA+,LRP2+,AQP1-,UMOD-,Cd31-,AQP2-,SLC8A1-",K2024-4492_d215467fd69b4cf5b37a0bdcc7b17bed.jpg,,,,,1,2,PT,否,,COMPLETED,小管:PT|萎缩:否,PT,否,,COMPLETED,小管:PT|萎缩:否,PT,否,,COMPLETED,小管:PT|萎缩:否,PT,否,,COMPLETED,小管:PT|萎缩:否,4,是,PT(4),PT,是,否(4),否
1360,K2024-3932_fe543d37580a41f3ad9b23a3506b912c.jpg,K2024-3932_fe543d37580a41f3ad9b23a3506b912c.jpg,/api/files/K2024-3932_fe543d37580a41f3ad9b23a3506b912c.jpg,575206,image/jpeg,2025-09-29 08:47:23.719179,DT,Thin,DT,0.9981319308280944,DT,PT,0.768623948,DT_Thin,"PanCK+,PNA+,AQP1-,UMOD-,Cd31-,AQP2-,SLC8A1-,LRP2-",K2024-3932_fe543d37580a41f3ad9b23a3506b912c.jpg,,,,,1,2,CD,Atr,,COMPLETED,小管:CD|萎缩:Atr,不确定（远端/集合管）,Atr,髓质区,COMPLETED,小管:不确定（远端/集合管）|萎缩:Atr|备注:髓质区,不确定（远端/集合管）,Atr,,COMPLETED,小管:不确定（远端/集合管）|萎缩:Atr,不确定（近远）,Atr,挤压造成变形过度,COMPLETED,小管:不确定（近远）|萎缩:Atr|备注:挤压造成变形过度,4,否,"不确定（远端/集合管）(2), CD(1), 不确定（近远）(1)",不确定（远端/集合管）,是,Atr(4),Atr
1375,K2024-4538_3cc25331d09b4e618ce25972d8d2269d.jpg,K2024-4538_3cc25331d09b4e618ce25972d8d2269d.jpg,/api/files/K2024-4538_3cc25331d09b4e618ce25972d8d2269d.jpg,680515,image/jpeg,2025-09-29 08:47:35.791312,DT,PT,DT,0.9793370962142944,DT,DT,0.998052239,DT_PT,"PanCK+,PNA+,AQP1-,UMOD-,Cd31-,AQP2-,SLC8A1-,LRP2-",K2024-4538_3cc25331d09b4e618ce25972d8d2269d.jpg,,,,,1,2,PT,否,,COMPLETED,小管:PT|萎缩:否,PT,否,,COMPLETED,小管:PT|萎缩:否,PT,否,,COMPLETED,小管:PT|萎缩:否,PT,否,,COMPLETED,小管:PT|萎缩:否,4,是,PT(4),PT,是,否(4),否
1387,K2024-4538_6f9a603bcd1f4be4b53427a3a031f246.jpg,K2024-4538_6f9a603bcd1f4be4b53427a3a031f246.jpg,/api/files/K2024-4538_6f9a603bcd1f4be4b53427a3a031f246.jpg,724371,image/jpeg,2025-09-29 08:47:38.959347,DT,PT,DT,0.9999991655349731,DT,DT,0.999519825,DT_PT,"PanCK+,PNA+,AQP1-,UMOD-,Cd31-,AQP2-,SLC8A1-,LRP2-",K2024-4538_6f9a603bcd1f4be4b53427a3a031f246.jpg,,,,,1,2,PT,否,,COMPLETED,小管:PT|萎缩:否,PT,否,,COMPLETED,小管:PT|萎缩:否,PT,否,,COMPLETED,小管:PT|萎缩:否,PT,否,,COMPLETED,小管:PT|萎缩:否,4,是,PT(4),PT,是,否(4),否
1433,K2024-4606_69e9d8aea7bb4b5999f1d1b8a4a9ac62.jpg,K2024-4606_69e9d8aea7bb4b5999f1d1b8a4a9ac62.jpg,/api/files/K2024-4606_69e9d8aea7bb4b5999f1d1b8a4a9ac62.jpg,858654,image/jpeg,2025-09-29 08:46:25.314537,CD,PT,CD,0.9999898672103882,CD,CD,0.564018667,CD_PT,"PanCK+,PNA+,AQP2+,AQP1-,UMOD-,Cd31-,SLC8A1-,LRP2-",K2024-4606_69e9d8aea7bb4b5999f1d1b8a4a9ac62.jpg,,,,,1,2,DT,否,,COMPLETED,小管:DT|萎缩:否,DT,否,,COMPLETED,小管:DT|萎缩:否,DT,否,,COMPLETED,小管:DT|萎缩:否,不确定（远端/集合管）,否,,COMPLETED,小管:不确定（远端/集合管）|萎缩:否,4,否,"DT(3), 不确定（远端/集合管）(1)",DT,是,否(4),否
1451,K2024-4466_850c4d3ececa4f5496af310248c3c52e.jpg,K2024-4466_850c4d3ececa4f5496af310248c3c52e.jpg,/api/files/K2024-4466_850c4d3ececa4f5496af310248c3c52e.jpg,600981,image/jpeg,2025-09-29 08:49:05.536299,TAL,DT,TAL,0.9998998641967772,TAL,DT,0.994510174,TAL_DT,"PanCK+,PNA+,UMOD+,AQP1-,Cd31-,AQP2-,SLC8A1-,LRP2-",K2024-4466_850c4d3ececa4f5496af310248c3c52e.jpg,,,,,1,2,TAL,否,,COMPLETED,小管:TAL|萎缩:否,TAL,Atr,髓质区，核突向腔面,COMPLETED,小管:TAL|萎缩:Atr|备注:髓质区，核突向腔面,不确定（远曲/原直）,Atr,,COMPLETED,小管:不确定（远曲/原直）|萎缩:Atr,TAL,否,,COMPLETED,小管:TAL|萎缩:否,4,否,"TAL(3), 不确定（远曲/原直）(1)",TAL,否,"否(2), Atr(2)",否
1485,K2024-4538_ff8aaff1b7b2480da47cff7536f3ebc0.jpg,K2024-4538_ff8aaff1b7b2480da47cff7536f3ebc0.jpg,/api/files/K2024-4538_ff8aaff1b7b2480da47cff7536f3ebc0.jpg,723541,image/jpeg,2025-09-29 08:48:43.568057,DT,PT,DT,0.9999189376831056,DT,DT,0.999968767,DT_PT,"PanCK+,PNA+,LRP2+,AQP1-,UMOD-,Cd31-,AQP2-,SLC8A1-",K2024-4538_ff8aaff1b7b2480da47cff7536f3ebc0.jpg,,,,,1,2,PT,否,,COMPLETED,小管:PT|萎缩:否,PT,否,,COMPLETED,小管:PT|萎缩:否,PT,否,,COMPLETED,小管:PT|萎缩:否,PT,否,,COMPLETED,小管:PT|萎缩:否,4,是,PT(4),PT,是,否(4),否
1503,K2024-4492_dac6e4792ec5445abf67ebd911854e5b.jpg,K2024-4492_dac6e4792ec5445abf67ebd911854e5b.jpg,/api/files/K2024-4492_dac6e4792ec5445abf67ebd911854e5b.jpg,629794,image/jpeg,2025-09-29 08:47:26.475210,DT,PT,DT,0.9998780488967896,DT,DT,0.944402277,DT_PT,"PanCK+,PNA+,AQP1-,UMOD-,Cd31-,AQP2-,SLC8A1-,LRP2-",K2024-4492_dac6e4792ec5445abf67ebd911854e5b.jpg,,,,,1,2,DT,否,,COMPLETED,小管:DT|萎缩:否,DT,否,,COMPLETED,小管:DT|萎缩:否,DT,否,,COMPLETED,小管:DT|萎缩:否,不确定（远端/集合管）,不确定,,COMPLETED,小管:不确定（远端/集合管）|萎缩:不确定,4,否,"DT(3), 不确定（远端/集合管）(1)",DT,否,"否(3), 不确定(1)",否
1541,K2024-3932_b3a797b952e04c4eb54b1dce7f96c064.jpg,K2024-3932_b3a797b952e04c4eb54b1dce7f96c064.jpg,/api/files/K2024-3932_b3a797b952e04c4eb54b1dce7f96c064.jpg,694771,image/jpeg,2025-09-29 08:45:57.746234,CD,DT,CD,1.0,CD,CD,0.888465524,CD_DT,"PanCK+,PNA+,AQP2+,AQP1-,UMOD-,Cd31-,SLC8A1-,LRP2-",K2024-3932_b3a797b952e04c4eb54b1dce7f96c064.jpg,,,,,1,2,CD,Atr,,COMPLETED,小管:CD|萎缩:Atr,TAL,Atr,,COMPLETED,小管:TAL|萎缩:Atr,不确定（远端/集合管）,Atr,,COMPLETED,小管:不确定（远端/集合管）|萎缩:Atr,不确定（近远）,Atr,,COMPLETED,小管:不确定（近远）|萎缩:Atr,4,否,"CD(1), TAL(1), 不确定（远端/集合管）(1), 不确定（近远）(1)",CD,是,Atr(4),Atr
1547,K2023-3026_3fd0ed93e74c4e4a829b3f099c1f438f.jpg,K2023-3026_3fd0ed93e74c4e4a829b3f099c1f438f.jpg,/api/files/K2023-3026_3fd0ed93e74c4e4a829b3f099c1f438f.jpg,1367738,image/jpeg,2025-09-29 08:43:22.552525,CD,Thin,CD,0.9999982118606568,CD,CD,0.5621351,CD_Thin,"PanCK+,PNA+,AQP2+,AQP1-,UMOD-,Cd31-,SLC8A1-,LRP2-",K2023-3026_3fd0ed93e74c4e4a829b3f099c1f438f.jpg,,,,,1,2,CD,否,,COMPLETED,小管:CD|萎缩:否,CD,否,,COMPLETED,小管:CD|萎缩:否,CD,否,,COMPLETED,小管:CD|萎缩:否,CD,否,,COMPLETED,小管:CD|萎缩:否,4,是,CD(4),CD,是,否(4),否
1580,K2024-4466_ab10149ff54f428a8b7136489dca142d.jpg,K2024-4466_ab10149ff54f428a8b7136489dca142d.jpg,/api/files/K2024-4466_ab10149ff54f428a8b7136489dca142d.jpg,860351,image/jpeg,2025-09-29 08:47:23.807180,DT,CD,DT,0.999970316886902,DT,DT,0.922225893,DT_CD,"PanCK+,PNA+,AQP1-,UMOD-,Cd31-,AQP2-,SLC8A1-,LRP2-",K2024-4466_ab10149ff54f428a8b7136489dca142d.jpg,,,,,1,2,CD,否,,COMPLETED,小管:CD|萎缩:否,CD,否,,COMPLETED,小管:CD|萎缩:否,CD,否,,COMPLETED,小管:CD|萎缩:否,CD,否,,COMPLETED,小管:CD|萎缩:否,4,是,CD(4),CD,是,否(4),否
1592,K2024-1592_0062fb3ae01041f4a4cf7063c61d4984.jpg,K2024-1592_0062fb3ae01041f4a4cf7063c61d4984.jpg,/api/files/K2024-1592_0062fb3ae01041f4a4cf7063c61d4984.jpg,947121,image/jpeg,2025-09-29 08:46:16.330438,CD,PT,CD,1.0,CD,CD,0.576607704,CD_PT,"PanCK+,PNA+,AQP2+,AQP1-,UMOD-,Cd31-,SLC8A1-,LRP2-",K2024-1592_0062fb3ae01041f4a4cf7063c61d4984.jpg,,,,,1,2,TAL,否,,COMPLETED,小管:TAL|萎缩:否,TAL,否,,COMPLETED,小管:TAL|萎缩:否,CD,否,,COMPLETED,小管:CD|萎缩:否,CD,否,,COMPLETED,小管:CD|萎缩:否,4,否,"TAL(2), CD(2)",TAL,是,否(4),否
1594,K2024-3981_54477d514e5441d4afab7e3c7f2f3440.jpg,K2024-3981_54477d514e5441d4afab7e3c7f2f3440.jpg,/api/files/K2024-3981_54477d514e5441d4afab7e3c7f2f3440.jpg,854105,image/jpeg,2025-09-29 08:47:16.255097,DT,CD,DT,0.9996178150177002,DT,DT,0.972005069,DT_CD,"PanCK+,PNA+,AQP1-,UMOD-,Cd31-,AQP2-,SLC8A1-,LRP2-",K2024-3981_54477d514e5441d4afab7e3c7f2f3440.jpg,,,,,1,2,CD,否,,COMPLETED,小管:CD|萎缩:否,CD,否,,COMPLETED,小管:CD|萎缩:否,CD,否,,COMPLETED,小管:CD|萎缩:否,CD,否,,COMPLETED,小管:CD|萎缩:否,4,是,CD(4),CD,是,否(4),否
1599,K2023-2593_7b8393751c53406ea422beef03d94c60.jpg,K2023-2593_7b8393751c53406ea422beef03d94c60.jpg,/api/files/K2023-2593_7b8393751c53406ea422beef03d94c60.jpg,594420,image/jpeg,2025-09-29 08:44:15.417107,DT,Thin,DT,0.9999316930770874,DT,DT,0.590974331,DT_Thin,"PanCK+,PNA+,AQP1-,UMOD-,Cd31-,AQP2-,SLC8A1-,LRP2-",K2023-2593_7b8393751c53406ea422beef03d94c60.jpg,,,,,1,2,TAL,Atr,,COMPLETED,小管:TAL|萎缩:Atr,TAL,Atr,,COMPLETED,小管:TAL|萎缩:Atr,不确定（远曲/原直）,Atr,,COMPLETED,小管:不确定（远曲/原直）|萎缩:Atr,TAL,不确定,,COMPLETED,小管:TAL|萎缩:不确定,4,否,"TAL(3), 不确定（远曲/原直）(1)",TAL,否,"Atr(3), 不确定(1)",Atr
1605,K2024-4492_e8fac36d86fd4cc6b49922607f30bb58.jpg,K2024-4492_e8fac36d86fd4cc6b49922607f30bb58.jpg,/api/files/K2024-4492_e8fac36d86fd4cc6b49922607f30bb58.jpg,602034,image/jpeg,2025-09-29 08:47:27.511221,DT,PT,DT,0.9995005130767822,DT,DT,0.99099803,DT_PT,"PanCK+,PNA+,AQP1-,UMOD-,Cd31-,AQP2-,SLC8A1-,LRP2-",K2024-4492_e8fac36d86fd4cc6b49922607f30bb58.jpg,,,,,1,2,TAL,否,,COMPLETED,小管:TAL|萎缩:否,TAL,否,核突出,COMPLETED,小管:TAL|萎缩:否|备注:核突出,不确定（远曲/原直）,Atr,,COMPLETED,小管:不确定（远曲/原直）|萎缩:Atr,TAL,否,,COMPLETED,小管:TAL|萎缩:否,4,否,"TAL(3), 不确定（远曲/原直）(1)",TAL,否,"否(3), Atr(1)",否
1609,K2024-4606_73a06f80b2a14f69a9e4c42bfc1b7b05.jpg,K2024-4606_73a06f80b2a14f69a9e4c42bfc1b7b05.jpg,/api/files/K2024-4606_73a06f80b2a14f69a9e4c42bfc1b7b05.jpg,796300,image/jpeg,2025-09-29 08:49:10.952358,TAL,DT,TAL,0.9994340538978576,TAL,DT,0.81011194,TAL_DT,"PanCK+,PNA+,UMOD+,SLC8A1+,AQP1-,Cd31-,AQP2-,LRP2-",K2024-4606_73a06f80b2a14f69a9e4c42bfc1b7b05.jpg,,,,,1,2,TAL,否,,COMPLETED,小管:TAL|萎缩:否,TAL,否,,COMPLETED,小管:TAL|萎缩:否,TAL,否,,COMPLETED,小管:TAL|萎缩:否,TAL,否,,COMPLETED,小管:TAL|萎缩:否,4,是,TAL(4),TAL,是,否(4),否
1642,K2024-3414_76c158783f614cff896cfea2dc082db1.jpg,K2024-3414_76c158783f614cff896cfea2dc082db1.jpg,/api/files/K2024-3414_76c158783f614cff896cfea2dc082db1.jpg,982135,image/jpeg,2025-09-29 08:46:46.450769,DT,CD,DT,0.9967262744903564,DT,DT,0.566294312,DT_CD,"PanCK+,PNA+,AQP1-,UMOD-,Cd31-,AQP2-,SLC8A1-,LRP2-",K2024-3414_76c158783f614cff896cfea2dc082db1.jpg,,,,,1,2,TAL,否,,COMPLETED,小管:TAL|萎缩:否,CD,否,,COMPLETED,小管:CD|萎缩:否,CD,否,,COMPLETED,小管:CD|萎缩:否,不确定（远端/集合管）,否,,COMPLETED,小管:不确定（远端/集合管）|萎缩:否,4,否,"CD(2), TAL(1), 不确定（远端/集合管）(1)",CD,是,否(4),否
1644,K2024-4492_8506333418044faba4493543824a16ac.jpg,K2024-4492_8506333418044faba4493543824a16ac.jpg,/api/files/K2024-4492_8506333418044faba4493543824a16ac.jpg,828193,image/jpeg,2025-09-29 08:47:05.914984,DT,PT,DT,0.9999450445175172,DT,DT,0.982412696,DT_PT,"PanCK+,PNA+,AQP1-,UMOD-,Cd31-,AQP2-,SLC8A1-,LRP2-",K2024-4492_8506333418044faba4493543824a16ac.jpg,,,,,1,2,TAL,否,,COMPLETED,小管:TAL|萎缩:否,TAL,否,,COMPLETED,小管:TAL|萎缩:否,TAL,否,,COMPLETED,小管:TAL|萎缩:否,TAL,否,,COMPLETED,小管:TAL|萎缩:否,4,是,TAL(4),TAL,是,否(4),否
1666,K2024-4538_59ca42781e0c4992b9109d59b5612bff.jpg,K2024-4538_59ca42781e0c4992b9109d59b5612bff.jpg,/api/files/K2024-4538_59ca42781e0c4992b9109d59b5612bff.jpg,689430,image/jpeg,2025-09-29 08:47:49.167459,DT,PT,DT,0.9999998807907104,DT,DT,0.991575181,DT_PT,"PanCK+,PNA+,LRP2+,AQP1-,UMOD-,Cd31-,AQP2-,SLC8A1-",K2024-4538_59ca42781e0c4992b9109d59b5612bff.jpg,,,,,1,2,PT,否,,COMPLETED,小管:PT|萎缩:否,PT,否,,COMPLETED,小管:PT|萎缩:否,PT,否,,COMPLETED,小管:PT|萎缩:否,PT,否,,COMPLETED,小管:PT|萎缩:否,4,是,PT(4),PT,是,否(4),否
1679,K2024-3414_7f5f7c21b4764932b83a70333eba7345.jpg,K2024-3414_7f5f7c21b4764932b83a70333eba7345.jpg,/api/files/K2024-3414_7f5f7c21b4764932b83a70333eba7345.jpg,922242,image/jpeg,2025-09-29 08:46:45.598760,DT,CD,DT,0.9998797178268432,DT,DT,0.447709799,DT_CD,"PanCK+,PNA+,AQP1-,UMOD-,Cd31-,AQP2-,SLC8A1-,LRP2-",K2024-3414_7f5f7c21b4764932b83a70333eba7345.jpg,,,,,1,2,TAL,否,,COMPLETED,小管:TAL|萎缩:否,CD,否,,COMPLETED,小管:CD|萎缩:否,CD,否,,COMPLETED,小管:CD|萎缩:否,DT,否,,COMPLETED,小管:DT|萎缩:否,4,否,"CD(2), TAL(1), DT(1)",CD,是,否(4),否
1731,K2024-3932_3bfde2d08bb24bc88eb6af1a0743aa6e.jpg,K2024-3932_3bfde2d08bb24bc88eb6af1a0743aa6e.jpg,/api/files/K2024-3932_3bfde2d08bb24bc88eb6af1a0743aa6e.jpg,587859,image/jpeg,2025-09-29 08:48:07.999666,PT,Thin,PT,0.9999791383743286,PT,PT,0.586878181,PT_Thin,"PanCK+,AQP1+,PNA-,UMOD-,Cd31-,AQP2-,SLC8A1-,LRP2-",K2024-3932_3bfde2d08bb24bc88eb6af1a0743aa6e.jpg,,,,,1,2,CD,Atr,,COMPLETED,小管:CD|萎缩:Atr,不确定（远端/集合管）,Atr,,COMPLETED,小管:不确定（远端/集合管）|萎缩:Atr,不确定（远端/集合管）,Atr,,COMPLETED,小管:不确定（远端/集合管）|萎缩:Atr,不确定（近远）,Atr,髓质，细段？,COMPLETED,小管:不确定（近远）|萎缩:Atr|备注:髓质，细段？,4,否,"不确定（远端/集合管）(2), CD(1), 不确定（近远）(1)",不确定（远端/集合管）,是,Atr(4),Atr
1741,K2024-3932_f4531f81b99342cd909fd656cb3709d7.jpg,K2024-3932_f4531f81b99342cd909fd656cb3709d7.jpg,/api/files/K2024-3932_f4531f81b99342cd909fd656cb3709d7.jpg,805391,image/jpeg,2025-09-29 08:47:12.823060,PT,CD,PT,0.999996542930603,PT,PT,0.581864536,DT_CD,"PanCK+,AQP1+,PNA-,UMOD-,Cd31-,AQP2-,SLC8A1-,LRP2-",K2024-3932_f4531f81b99342cd909fd656cb3709d7.jpg,,,,,1,2,PT,否,,COMPLETED,小管:PT|萎缩:否,PT,Atr,,COMPLETED,小管:PT|萎缩:Atr,PT,否,,COMPLETED,小管:PT|萎缩:否,PT,否,,COMPLETED,小管:PT|萎缩:否,4,是,PT(4),PT,否,"否(3), Atr(1)",否
1742,K2024-4492_fc092eecffc546b88b71f072d281abd7.jpg,K2024-4492_fc092eecffc546b88b71f072d281abd7.jpg,/api/files/K2024-4492_fc092eecffc546b88b71f072d281abd7.jpg,693171,image/jpeg,2025-09-29 08:47:31.215262,DT,PT,DT,0.999849796295166,DT,DT,0.93110615,DT_PT,"PanCK+,PNA+,AQP1-,UMOD-,Cd31-,AQP2-,SLC8A1-,LRP2-",K2024-4492_fc092eecffc546b88b71f072d281abd7.jpg,,,,,1,2,DT,否,,COMPLETED,小管:DT|萎缩:否,DT,否,,COMPLETED,小管:DT|萎缩:否,DT,否,,COMPLETED,小管:DT|萎缩:否,CD,否,,COMPLETED,小管:CD|萎缩:否,4,否,"DT(3), CD(1)",DT,是,否(4),否
1743,K2024-3981_ea566693971d47ec91322de014d4c542.jpg,K2024-3981_ea566693971d47ec91322de014d4c542.jpg,/api/files/K2024-3981_ea566693971d47ec91322de014d4c542.jpg,692132,image/jpeg,2025-09-29 08:47:19.311131,DT,CD,DT,0.9999977350234984,DT,DT,0.898472965,DT_CD,"PanCK+,PNA+,AQP1-,UMOD-,Cd31-,AQP2-,SLC8A1-,LRP2-",K2024-3981_ea566693971d47ec91322de014d4c542.jpg,,,,,1,2,DT,否,,COMPLETED,小管:DT|萎缩:否,CD,否,胞浆空亮，管腔大,COMPLETED,小管:CD|萎缩:否|备注:胞浆空亮，管腔大,CD,否,,COMPLETED,小管:CD|萎缩:否,CD,否,,COMPLETED,小管:CD|萎缩:否,4,否,"CD(3), DT(1)",CD,是,否(4),否
1745,K2024-3932_de8690239a64464a94463fc7444780d7.jpg,K2024-3932_de8690239a64464a94463fc7444780d7.jpg,/api/files/K2024-3932_de8690239a64464a94463fc7444780d7.jpg,653359,image/jpeg,2025-09-29 08:48:53.844170,TAL,DT,TAL,0.9804089069366456,TAL,DT,0.976205826,TAL_DT,"PanCK+,PNA+,UMOD+,SLC8A1+,AQP1-,Cd31-,AQP2-,LRP2-",K2024-3932_de8690239a64464a94463fc7444780d7.jpg,,,,,1,2,TAL,否,,COMPLETED,小管:TAL|萎缩:否,TAL,Atr,,COMPLETED,小管:TAL|萎缩:Atr,TAL,否,,COMPLETED,小管:TAL|萎缩:否,TAL,否,,COMPLETED,小管:TAL|萎缩:否,4,是,TAL(4),TAL,否,"否(3), Atr(1)",否
1772,K2024-3932_063635402ea8408caeb7c42291f8f17d.jpg,K2024-3932_063635402ea8408caeb7c42291f8f17d.jpg,/api/files/K2024-3932_063635402ea8408caeb7c42291f8f17d.jpg,569831,image/jpeg,2025-09-29 08:48:45.584080,TAL,DT,TAL,0.9981739521026612,TAL,DT,0.968311369,TAL_DT,"PanCK+,PNA+,SLC8A1+,AQP1-,UMOD-,Cd31-,AQP2-,LRP2-",K2024-3932_063635402ea8408caeb7c42291f8f17d.jpg,,,,,1,2,TAL,否,,COMPLETED,小管:TAL|萎缩:否,TAL,否,,COMPLETED,小管:TAL|萎缩:否,TAL,Atr,,COMPLETED,小管:TAL|萎缩:Atr,TAL,否,,COMPLETED,小管:TAL|萎缩:否,4,是,TAL(4),TAL,否,"否(3), Atr(1)",否
1781,K2024-4466_cfeb6c86130a4e1eb2a847d51f0d044e.jpg,K2024-4466_cfeb6c86130a4e1eb2a847d51f0d044e.jpg,/api/files/K2024-4466_cfeb6c86130a4e1eb2a847d51f0d044e.jpg,635431,image/jpeg,2025-09-29 08:47:35.579310,PT,DT,PT,1.0,PT,PT,0.732843935,PT_DT,"PanCK+,AQP1+,PNA-,UMOD-,Cd31-,AQP2-,SLC8A1-,LRP2-",K2024-4466_cfeb6c86130a4e1eb2a847d51f0d044e.jpg,,,,,1,2,PT,Atr,,COMPLETED,小管:PT|萎缩:Atr,不确定（远曲/原直）,Atr,,COMPLETED,小管:不确定（远曲/原直）|萎缩:Atr,PT,Atr,,COMPLETED,小管:PT|萎缩:Atr,PT,Atr,,COMPLETED,小管:PT|萎缩:Atr,4,否,"PT(3), 不确定（远曲/原直）(1)",PT,是,Atr(4),Atr
1784,K2024-3932_06cab71f1b8148adb2e219faeedc0124.jpg,K2024-3932_06cab71f1b8148adb2e219faeedc0124.jpg,/api/files/K2024-3932_06cab71f1b8148adb2e219faeedc0124.jpg,538894,image/jpeg,2025-09-29 08:48:35.195965,TAL,DT,TAL,0.9999539852142334,TAL,DT,0.966503084,TAL_DT,"PanCK+,PNA+,SLC8A1+,AQP1-,UMOD-,Cd31-,AQP2-,LRP2-",K2024-3932_06cab71f1b8148adb2e219faeedc0124.jpg,,,,,1,2,CD,Atr,,COMPLETED,小管:CD|萎缩:Atr,不确定（远端/集合管）,Atr,髓质区,COMPLETED,小管:不确定（远端/集合管）|萎缩:Atr|备注:髓质区,不确定（远端/集合管）,Atr,,COMPLETED,小管:不确定（远端/集合管）|萎缩:Atr,不确定（近远）,Atr,,COMPLETED,小管:不确定（近远）|萎缩:Atr,4,否,"不确定（远端/集合管）(2), CD(1), 不确定（近远）(1)",不确定（远端/集合管）,是,Atr(4),Atr
1788,K2023-0460_1d55c850c25249cca3466eb8a4cd8742.jpg,K2023-0460_1d55c850c25249cca3466eb8a4cd8742.jpg,/api/files/K2023-0460_1d55c850c25249cca3466eb8a4cd8742.jpg,623213,image/jpeg,2025-09-29 08:44:25.001213,PT,DT,PT,0.999969244003296,PT,PT,0.965848625,PT_DT,"PanCK+,AQP1+,PNA-,UMOD-,Cd31-,AQP2-,SLC8A1-,LRP2-",K2023-0460_1d55c850c25249cca3466eb8a4cd8742.jpg,,,,,1,2,TAL,否,,COMPLETED,小管:TAL|萎缩:否,不确定（远端/集合管）,不确定,髓质区，细胞扁平可能为再生的肾小管，无法判断来源。基底膜轻度增厚，可能有轻度萎缩。,COMPLETED,小管:不确定（远端/集合管）|萎缩:不确定|备注:髓质区，细胞扁平可能为再生的肾小管，无法判断来源。基底膜轻度增厚，可能有轻度萎缩。,TAL,否,,COMPLETED,小管:TAL|萎缩:否,不确定（近远）,否,,COMPLETED,小管:不确定（近远）|萎缩:否,4,否,"TAL(2), 不确定（远端/集合管）(1), 不确定（近远）(1)",TAL,否,"否(3), 不确定(1)",否
1791,K2024-3932_97c23e8a8d1b4bc5a7872df81686e737.jpg,K2024-3932_97c23e8a8d1b4bc5a7872df81686e737.jpg,/api/files/K2024-3932_97c23e8a8d1b4bc5a7872df81686e737.jpg,907494,image/jpeg,2025-09-29 08:47:03.854961,DT,CD,DT,0.9999884366989136,DT,CD,0.950558901,DT_CD,"PanCK+,PNA+,AQP1-,UMOD-,Cd31-,AQP2-,SLC8A1-,LRP2-",K2024-3932_97c23e8a8d1b4bc5a7872df81686e737.jpg,,,,,1,2,CD,否,,COMPLETED,小管:CD|萎缩:否,CD,否,,COMPLETED,小管:CD|萎缩:否,CD,否,,COMPLETED,小管:CD|萎缩:否,CD,否,,COMPLETED,小管:CD|萎缩:否,4,是,CD(4),CD,是,否(4),否
1796,K2023-3949_22a32b13cfd340018a9444b52b1c7692.jpg,K2023-3949_22a32b13cfd340018a9444b52b1c7692.jpg,/api/files/K2023-3949_22a32b13cfd340018a9444b52b1c7692.jpg,1012328,image/jpeg,2025-09-29 08:43:22.964530,CD,Thin,CD,0.9999998807907104,CD,CD,0.841731846,CD_Thin,"PanCK+,PNA+,AQP2+,AQP1-,UMOD-,Cd31-,SLC8A1-,LRP2-",K2023-3949_22a32b13cfd340018a9444b52b1c7692.jpg,,,,,1,2,TAL,否,,COMPLETED,小管:TAL|萎缩:否,TAL,否,突向腔面；部分细胞扁平，更倾向为髓袢向远直的过渡区域,COMPLETED,小管:TAL|萎缩:否|备注:突向腔面；部分细胞扁平，更倾向为髓袢向远直的过渡区域,TAL,否,,COMPLETED,小管:TAL|萎缩:否,TAL,否,UMOD染色有问题？,COMPLETED,小管:TAL|萎缩:否|备注:UMOD染色有问题？,4,是,TAL(4),TAL,是,否(4),否
